{"timestamp": "2026-03-09T11:39:08.607105Z", "level": "INFO", "component": "config", "message": "Initializing application settings", "environment": "development"}
{"timestamp": "2026-03-09T11:39:08.644514Z", "level": "INFO", "component": "config", "message": "Environment validated", "environment": "development"}
{"timestamp": "2026-03-09T11:39:08.651516Z", "level": "INFO", "component": "config", "message": "Database URL validated", "environment": "development"}
{"timestamp": "2026-03-09T11:39:08.656518Z", "level": "INFO", "component": "config", "message": "Embedding dimension validated", "environment": "development"}
{"timestamp": "2026-03-09T11:39:08.658518Z", "level": "INFO", "component": "config", "message": "TTS configuration validated", "environment": "development"}
{"timestamp": "2026-03-09T11:39:08.661520Z", "level": "INFO", "component": "config", "message": "Settings loaded successfully", "environment": "development"}
{"timestamp": "2026-03-09T11:40:50.699007Z", "level": "INFO", "component": "config", "message": "Initializing application settings", "environment": "development"}
{"timestamp": "2026-03-09T11:40:50.710943Z", "level": "INFO", "component": "config", "message": "Environment validated", "environment": "development"}
{"timestamp": "2026-03-09T11:40:50.713943Z", "level": "INFO", "component": "config", "message": "Database URL validated", "environment": "development"}
{"timestamp": "2026-03-09T11:40:50.715454Z", "level": "INFO", "component": "config", "message": "Embedding dimension validated", "environment": "development"}
{"timestamp": "2026-03-09T11:40:50.718471Z", "level": "INFO", "component": "config", "message": "TTS configuration validated", "environment": "development"}
{"timestamp": "2026-03-09T11:40:50.720470Z", "level": "INFO", "component": "config", "message": "Settings loaded successfully", "environment": "development"}
{"timestamp": "2026-03-10T16:03:57.563567Z", "level": "INFO", "component": "config", "message": "Initializing application settings", "environment": "development"}
{"timestamp": "2026-03-10T16:03:57.619560Z", "level": "INFO", "component": "config", "message": "Environment validated", "environment": "development"}
{"timestamp": "2026-03-10T16:03:57.620884Z", "level": "INFO", "component": "config", "message": "Database URL validated", "environment": "development"}
{"timestamp": "2026-03-10T16:03:57.623181Z", "level": "INFO", "component": "config", "message": "Embedding dimension validated", "environment": "development"}
{"timestamp": "2026-03-10T16:03:57.625190Z", "level": "INFO", "component": "config", "message": "TTS configuration validated", "environment": "development"}
{"timestamp": "2026-03-10T16:03:57.626180Z", "level": "INFO", "component": "config", "message": "Settings loaded successfully", "environment": "development"}
{"timestamp": "2026-03-10T16:05:56.675788Z", "level": "INFO", "component": "config", "message": "Initializing application settings", "environment": "development"}
{"timestamp": "2026-03-10T16:05:56.702259Z", "level": "INFO", "component": "config", "message": "Environment validated", "environment": "development"}
{"timestamp": "2026-03-10T16:05:56.707989Z", "level": "INFO", "component": "config", "message": "Database URL validated", "environment": "development"}
{"timestamp": "2026-03-10T16:05:56.710725Z", "level": "INFO", "component": "config", "message": "Embedding dimension validated", "environment": "development"}
{"timestamp": "2026-03-10T16:05:56.712741Z", "level": "INFO", "component": "config", "message": "TTS configuration validated", "environment": "development"}
{"timestamp": "2026-03-10T16:05:56.714739Z", "level": "INFO", "component": "config", "message": "Settings loaded successfully", "environment": "development"}
{"timestamp": "2026-03-10T16:07:12.185052Z", "level": "INFO", "component": "config", "message": "Initializing application settings", "environment": "development"}
{"timestamp": "2026-03-10T16:07:12.200781Z", "level": "INFO", "component": "config", "message": "Environment validated", "environment": "development"}
{"timestamp": "2026-03-10T16:07:12.202779Z", "level": "INFO", "component": "config", "message": "Database URL validated", "environment": "development"}
{"timestamp": "2026-03-10T16:07:12.208786Z", "level": "INFO", "component": "config", "message": "Embedding dimension validated", "environment": "development"}
{"timestamp": "2026-03-10T16:07:12.211784Z", "level": "INFO", "component": "config", "message": "TTS configuration validated", "environment": "development"}
{"timestamp": "2026-03-10T16:07:12.213785Z", "level": "INFO", "component": "config", "message": "Settings loaded successfully", "environment": "development"}
{"timestamp": "2026-03-10T16:07:54.936539Z", "level": "INFO", "component": "config", "message": "Initializing application settings", "environment": "development"}
{"timestamp": "2026-03-10T16:07:54.950703Z", "level": "INFO", "component": "config", "message": "Environment validated", "environment": "development"}
{"timestamp": "2026-03-10T16:07:54.953888Z", "level": "INFO", "component": "config", "message": "Database URL validated", "environment": "development"}
{"timestamp": "2026-03-10T16:07:54.954888Z", "level": "INFO", "component": "config", "message": "Embedding dimension validated", "environment": "development"}
{"timestamp": "2026-03-10T16:07:54.957892Z", "level": "INFO", "component": "config", "message": "TTS configuration validated", "environment": "development"}
{"timestamp": "2026-03-10T16:07:54.959890Z", "level": "INFO", "component": "config", "message": "Settings loaded successfully", "environment": "development"}
{"timestamp": "2026-03-10T16:08:31.001583Z", "level": "INFO", "component": "config", "message": "Initializing application settings", "environment": "development"}
{"timestamp": "2026-03-10T16:08:31.011581Z", "level": "INFO", "component": "config", "message": "Environment validated", "environment": "development"}
{"timestamp": "2026-03-10T16:08:31.012985Z", "level": "INFO", "component": "config", "message": "Database URL validated", "environment": "development"}
{"timestamp": "2026-03-10T16:08:31.015007Z", "level": "INFO", "component": "config", "message": "Embedding dimension validated", "environment": "development"}
{"timestamp": "2026-03-10T16:08:31.016544Z", "level": "INFO", "component": "config", "message": "TTS configuration validated", "environment": "development"}
{"timestamp": "2026-03-10T16:08:31.018543Z", "level": "INFO", "component": "config", "message": "Settings loaded successfully", "environment": "development"}
{"timestamp": "2026-03-10T16:09:53.360277Z", "level": "INFO", "component": "config", "message": "Initializing application settings", "environment": "development"}
{"timestamp": "2026-03-10T16:09:53.372313Z", "level": "INFO", "component": "config", "message": "Environment validated", "environment": "development"}
{"timestamp": "2026-03-10T16:09:53.373300Z", "level": "INFO", "component": "config", "message": "Database URL validated", "environment": "development"}
{"timestamp": "2026-03-10T16:09:53.375305Z", "level": "INFO", "component": "config", "message": "Embedding dimension validated", "environment": "development"}
{"timestamp": "2026-03-10T16:09:53.377817Z", "level": "INFO", "component": "config", "message": "TTS configuration validated", "environment": "development"}
{"timestamp": "2026-03-10T16:09:53.379836Z", "level": "INFO", "component": "config", "message": "Settings loaded successfully", "environment": "development"}
{"timestamp": "2026-03-10T16:10:41.007917Z", "level": "INFO", "component": "config", "message": "Initializing application settings", "environment": "development"}
{"timestamp": "2026-03-10T16:10:41.024490Z", "level": "INFO", "component": "config", "message": "Environment validated", "environment": "development"}
{"timestamp": "2026-03-10T16:10:41.026485Z", "level": "INFO", "component": "config", "message": "Database URL validated", "environment": "development"}
{"timestamp": "2026-03-10T16:10:41.028483Z", "level": "INFO", "component": "config", "message": "Embedding dimension validated", "environment": "development"}
{"timestamp": "2026-03-10T16:10:41.030483Z", "level": "INFO", "component": "config", "message": "TTS configuration validated", "environment": "development"}
{"timestamp": "2026-03-10T16:10:41.032485Z", "level": "INFO", "component": "config", "message": "Settings loaded successfully", "environment": "development"}
{"timestamp": "2026-03-10T16:11:30.223654Z", "level": "INFO", "component": "config", "message": "Initializing application settings", "environment": "development"}
{"timestamp": "2026-03-10T16:11:30.242651Z", "level": "INFO", "component": "config", "message": "Environment validated", "environment": "development"}
{"timestamp": "2026-03-10T16:11:30.245657Z", "level": "INFO", "component": "config", "message": "Database URL validated", "environment": "development"}
{"timestamp": "2026-03-10T16:11:30.248650Z", "level": "INFO", "component": "config", "message": "Embedding dimension validated", "environment": "development"}
{"timestamp": "2026-03-10T16:11:30.253650Z", "level": "INFO", "component": "config", "message": "TTS configuration validated", "environment": "development"}
{"timestamp": "2026-03-10T16:11:30.255648Z", "level": "INFO", "component": "config", "message": "Settings loaded successfully", "environment": "development"}
{"timestamp": "2026-03-10T16:12:19.138998Z", "level": "INFO", "component": "config", "message": "Initializing application settings", "environment": "development"}
{"timestamp": "2026-03-10T16:12:19.155993Z", "level": "INFO", "component": "config", "message": "Environment validated", "environment": "development"}
{"timestamp": "2026-03-10T16:12:19.159000Z", "level": "INFO", "component": "config", "message": "Database URL validated", "environment": "development"}
{"timestamp": "2026-03-10T16:12:19.160998Z", "level": "INFO", "component": "config", "message": "Embedding dimension validated", "environment": "development"}
{"timestamp": "2026-03-10T16:12:19.163995Z", "level": "INFO", "component": "config", "message": "TTS configuration validated", "environment": "development"}
{"timestamp": "2026-03-10T16:12:19.165994Z", "level": "INFO", "component": "config", "message": "Settings loaded successfully", "environment": "development"}
{"timestamp": "2026-03-10T16:13:01.598844Z", "level": "INFO", "component": "config", "message": "Initializing application settings", "environment": "development"}
{"timestamp": "2026-03-10T16:13:01.607850Z", "level": "INFO", "component": "config", "message": "Environment validated", "environment": "development"}
{"timestamp": "2026-03-10T16:13:01.624392Z", "level": "INFO", "component": "config", "message": "Database URL validated", "environment": "development"}
{"timestamp": "2026-03-10T16:13:01.633341Z", "level": "INFO", "component": "config", "message": "Embedding dimension validated", "environment": "development"}
{"timestamp": "2026-03-10T16:13:01.635735Z", "level": "INFO", "component": "config", "message": "TTS configuration validated", "environment": "development"}
{"timestamp": "2026-03-10T16:13:01.637756Z", "level": "INFO", "component": "config", "message": "Settings loaded successfully", "environment": "development"}
{"timestamp": "2026-03-10T16:17:24.974392Z", "level": "INFO", "component": "config", "message": "Initializing application settings", "environment": "development"}
{"timestamp": "2026-03-10T16:17:24.987826Z", "level": "INFO", "component": "config", "message": "Environment validated", "environment": "development"}
{"timestamp": "2026-03-10T16:17:24.993823Z", "level": "INFO", "component": "config", "message": "Database URL validated", "environment": "development"}
{"timestamp": "2026-03-10T16:17:24.996884Z", "level": "INFO", "component": "config", "message": "Embedding dimension validated", "environment": "development"}
{"timestamp": "2026-03-10T16:17:25.000911Z", "level": "INFO", "component": "config", "message": "TTS configuration validated", "environment": "development"}
{"timestamp": "2026-03-10T16:17:25.004911Z", "level": "INFO", "component": "config", "message": "Settings loaded successfully", "environment": "development"}
{"timestamp": "2026-03-10T16:18:10.672361Z", "level": "INFO", "component": "config", "message": "Initializing application settings", "environment": "development"}
{"timestamp": "2026-03-10T16:18:10.686359Z", "level": "INFO", "component": "config", "message": "Environment validated", "environment": "development"}
{"timestamp": "2026-03-10T16:18:10.690366Z", "level": "INFO", "component": "config", "message": "Database URL validated", "environment": "development"}
{"timestamp": "2026-03-10T16:18:10.697355Z", "level": "INFO", "component": "config", "message": "Embedding dimension validated", "environment": "development"}
{"timestamp": "2026-03-10T16:18:10.699355Z", "level": "INFO", "component": "config", "message": "TTS configuration validated", "environment": "development"}
{"timestamp": "2026-03-10T16:18:10.700362Z", "level": "INFO", "component": "config", "message": "Settings loaded successfully", "environment": "development"}
{"timestamp": "2026-03-10T16:20:09.275501Z", "level": "INFO", "component": "config", "message": "Initializing application settings", "environment": "development"}
{"timestamp": "2026-03-10T16:20:09.291497Z", "level": "INFO", "component": "config", "message": "Environment validated", "environment": "development"}
{"timestamp": "2026-03-10T16:20:09.294497Z", "level": "INFO", "component": "config", "message": "Database URL validated", "environment": "development"}
{"timestamp": "2026-03-10T16:20:09.295495Z", "level": "INFO", "component": "config", "message": "Embedding dimension validated", "environment": "development"}
{"timestamp": "2026-03-10T16:20:09.296503Z", "level": "INFO", "component": "config", "message": "TTS configuration validated", "environment": "development"}
{"timestamp": "2026-03-10T16:20:09.298498Z", "level": "INFO", "component": "config", "message": "Settings loaded successfully", "environment": "development"}
{"timestamp": "2026-03-10T16:20:52.905219Z", "level": "INFO", "component": "config", "message": "Initializing application settings", "environment": "development"}
{"timestamp": "2026-03-10T16:20:52.919747Z", "level": "INFO", "component": "config", "message": "Environment validated", "environment": "development"}
{"timestamp": "2026-03-10T16:20:52.921745Z", "level": "INFO", "component": "config", "message": "Database URL validated", "environment": "development"}
{"timestamp": "2026-03-10T16:20:52.924746Z", "level": "INFO", "component": "config", "message": "Embedding dimension validated", "environment": "development"}
{"timestamp": "2026-03-10T16:20:52.925747Z", "level": "INFO", "component": "config", "message": "TTS configuration validated", "environment": "development"}
{"timestamp": "2026-03-10T16:20:52.927743Z", "level": "INFO", "component": "config", "message": "Settings loaded successfully", "environment": "development"}
{"timestamp": "2026-03-10T16:28:43.947661Z", "level": "INFO", "component": "config", "message": "Initializing application settings", "environment": "development"}
{"timestamp": "2026-03-10T16:28:43.956657Z", "level": "INFO", "component": "config", "message": "Environment validated", "environment": "development"}
{"timestamp": "2026-03-10T16:28:43.959662Z", "level": "INFO", "component": "config", "message": "Database URL validated", "environment": "development"}
{"timestamp": "2026-03-10T16:28:43.961990Z", "level": "INFO", "component": "config", "message": "Embedding dimension validated", "environment": "development"}
{"timestamp": "2026-03-10T16:28:43.963988Z", "level": "INFO", "component": "config", "message": "TTS configuration validated", "environment": "development"}
{"timestamp": "2026-03-10T16:28:43.964988Z", "level": "INFO", "component": "config", "message": "Settings loaded successfully", "environment": "development"}
{"timestamp": "2026-03-10T16:30:06.214799Z", "level": "INFO", "component": "config", "message": "Initializing application settings", "environment": "development"}
{"timestamp": "2026-03-10T16:30:06.226801Z", "level": "INFO", "component": "config", "message": "Environment validated", "environment": "development"}
{"timestamp": "2026-03-10T16:30:06.230816Z", "level": "INFO", "component": "config", "message": "Database URL validated", "environment": "development"}
{"timestamp": "2026-03-10T16:30:06.235863Z", "level": "INFO", "component": "config", "message": "Embedding dimension validated", "environment": "development"}
{"timestamp": "2026-03-10T16:30:06.237885Z", "level": "INFO", "component": "config", "message": "TTS configuration validated", "environment": "development"}
{"timestamp": "2026-03-10T16:30:06.248940Z", "level": "INFO", "component": "config", "message": "Settings loaded successfully", "environment": "development"}
{"timestamp": "2026-03-10T16:32:50.278720Z", "level": "INFO", "component": "config", "message": "Initializing application settings", "environment": "development"}
{"timestamp": "2026-03-10T16:32:50.287722Z", "level": "INFO", "component": "config", "message": "Environment validated", "environment": "development"}
{"timestamp": "2026-03-10T16:32:50.291244Z", "level": "INFO", "component": "config", "message": "Database URL validated", "environment": "development"}
{"timestamp": "2026-03-10T16:32:50.296261Z", "level": "INFO", "component": "config", "message": "Embedding dimension validated", "environment": "development"}
{"timestamp": "2026-03-10T16:32:50.311723Z", "level": "INFO", "component": "config", "message": "TTS configuration validated", "environment": "development"}
{"timestamp": "2026-03-10T16:32:50.314745Z", "level": "INFO", "component": "config", "message": "Settings loaded successfully", "environment": "development"}
{"timestamp": "2026-03-10T16:32:56.528242Z", "level": "INFO", "component": "config", "message": "Initializing application settings", "environment": "development"}
{"timestamp": "2026-03-10T16:32:56.539350Z", "level": "INFO", "component": "config", "message": "Environment validated", "environment": "development"}
{"timestamp": "2026-03-10T16:32:56.542353Z", "level": "INFO", "component": "config", "message": "Database URL validated", "environment": "development"}
{"timestamp": "2026-03-10T16:32:56.543350Z", "level": "INFO", "component": "config", "message": "Embedding dimension validated", "environment": "development"}
{"timestamp": "2026-03-10T16:32:56.544952Z", "level": "INFO", "component": "config", "message": "TTS configuration validated", "environment": "development"}
{"timestamp": "2026-03-10T16:32:56.547072Z", "level": "INFO", "component": "config", "message": "Settings loaded successfully", "environment": "development"}
{"timestamp": "2026-03-10T16:33:42.657943Z", "level": "INFO", "component": "config", "message": "Initializing application settings", "environment": "development"}
{"timestamp": "2026-03-10T16:33:42.669082Z", "level": "INFO", "component": "config", "message": "Environment validated", "environment": "development"}
{"timestamp": "2026-03-10T16:33:42.672082Z", "level": "INFO", "component": "config", "message": "Database URL validated", "environment": "development"}
{"timestamp": "2026-03-10T16:33:42.673610Z", "level": "INFO", "component": "config", "message": "Embedding dimension validated", "environment": "development"}
{"timestamp": "2026-03-10T16:33:42.676614Z", "level": "INFO", "component": "config", "message": "TTS configuration validated", "environment": "development"}
{"timestamp": "2026-03-10T16:33:42.679094Z", "level": "INFO", "component": "config", "message": "Settings loaded successfully", "environment": "development"}
{"timestamp": "2026-03-10T16:34:11.913071Z", "level": "INFO", "component": "config", "message": "Initializing application settings", "environment": "development"}
{"timestamp": "2026-03-10T16:34:11.926069Z", "level": "INFO", "component": "config", "message": "Environment validated", "environment": "development"}
{"timestamp": "2026-03-10T16:34:11.928069Z", "level": "INFO", "component": "config", "message": "Database URL validated", "environment": "development"}
{"timestamp": "2026-03-10T16:34:11.930067Z", "level": "INFO", "component": "config", "message": "Embedding dimension validated", "environment": "development"}
{"timestamp": "2026-03-10T16:34:11.933068Z", "level": "INFO", "component": "config", "message": "TTS configuration validated", "environment": "development"}
{"timestamp": "2026-03-10T16:34:11.936069Z", "level": "INFO", "component": "config", "message": "Settings loaded successfully", "environment": "development"}
{"timestamp": "2026-03-10T16:34:20.495054Z", "level": "INFO", "component": "config", "message": "Initializing application settings", "environment": "development"}
{"timestamp": "2026-03-10T16:34:20.504065Z", "level": "INFO", "component": "config", "message": "Environment validated", "environment": "development"}
{"timestamp": "2026-03-10T16:34:20.506067Z", "level": "INFO", "component": "config", "message": "Database URL validated", "environment": "development"}
{"timestamp": "2026-03-10T16:34:20.508066Z", "level": "INFO", "component": "config", "message": "Embedding dimension validated", "environment": "development"}
{"timestamp": "2026-03-10T16:34:20.510063Z", "level": "INFO", "component": "config", "message": "TTS configuration validated", "environment": "development"}
{"timestamp": "2026-03-10T16:34:20.514065Z", "level": "INFO", "component": "config", "message": "Settings loaded successfully", "environment": "development"}
{"timestamp": "2026-03-10T16:35:10.485194Z", "level": "INFO", "component": "config", "message": "Initializing application settings", "environment": "development"}
{"timestamp": "2026-03-10T16:35:10.500300Z", "level": "INFO", "component": "config", "message": "Environment validated", "environment": "development"}
{"timestamp": "2026-03-10T16:35:10.504302Z", "level": "INFO", "component": "config", "message": "Database URL validated", "environment": "development"}
{"timestamp": "2026-03-10T16:35:10.506308Z", "level": "INFO", "component": "config", "message": "Embedding dimension validated", "environment": "development"}
{"timestamp": "2026-03-10T16:35:10.507305Z", "level": "INFO", "component": "config", "message": "TTS configuration validated", "environment": "development"}
{"timestamp": "2026-03-10T16:35:10.511303Z", "level": "INFO", "component": "config", "message": "Settings loaded successfully", "environment": "development"}
{"timestamp": "2026-03-10T16:35:54.806992Z", "level": "INFO", "component": "config", "message": "Initializing application settings", "environment": "development"}
{"timestamp": "2026-03-10T16:35:54.825015Z", "level": "INFO", "component": "config", "message": "Environment validated", "environment": "development"}
{"timestamp": "2026-03-10T16:35:54.827018Z", "level": "INFO", "component": "config", "message": "Database URL validated", "environment": "development"}
{"timestamp": "2026-03-10T16:35:54.829015Z", "level": "INFO", "component": "config", "message": "Embedding dimension validated", "environment": "development"}
{"timestamp": "2026-03-10T16:35:54.832546Z", "level": "INFO", "component": "config", "message": "TTS configuration validated", "environment": "development"}
{"timestamp": "2026-03-10T16:35:54.835548Z", "level": "INFO", "component": "config", "message": "Settings loaded successfully", "environment": "development"}
{"timestamp": "2026-03-10T16:36:39.681763Z", "level": "INFO", "component": "config", "message": "Initializing application settings", "environment": "development"}
{"timestamp": "2026-03-10T16:36:39.696319Z", "level": "INFO", "component": "config", "message": "Environment validated", "environment": "development"}
{"timestamp": "2026-03-10T16:36:39.698315Z", "level": "INFO", "component": "config", "message": "Database URL validated", "environment": "development"}
{"timestamp": "2026-03-10T16:36:39.702314Z", "level": "INFO", "component": "config", "message": "Embedding dimension validated", "environment": "development"}
{"timestamp": "2026-03-10T16:36:39.705330Z", "level": "INFO", "component": "config", "message": "TTS configuration validated", "environment": "development"}
{"timestamp": "2026-03-10T16:36:39.707317Z", "level": "INFO", "component": "config", "message": "Settings loaded successfully", "environment": "development"}
{"timestamp": "2026-03-10T16:37:47.953487Z", "level": "INFO", "component": "config", "message": "Initializing application settings", "environment": "development"}
{"timestamp": "2026-03-10T16:37:47.966495Z", "level": "INFO", "component": "config", "message": "Environment validated", "environment": "development"}
{"timestamp": "2026-03-10T16:37:47.968497Z", "level": "INFO", "component": "config", "message": "Database URL validated", "environment": "development"}
{"timestamp": "2026-03-10T16:37:47.969496Z", "level": "INFO", "component": "config", "message": "Embedding dimension validated", "environment": "development"}
{"timestamp": "2026-03-10T16:37:47.971502Z", "level": "INFO", "component": "config", "message": "TTS configuration validated", "environment": "development"}
{"timestamp": "2026-03-10T16:37:47.972497Z", "level": "INFO", "component": "config", "message": "Settings loaded successfully", "environment": "development"}
{"timestamp": "2026-03-10T16:37:49.096339Z", "level": "INFO", "component": "config", "message": "Initializing application settings", "environment": "development"}
{"timestamp": "2026-03-10T16:37:49.110336Z", "level": "INFO", "component": "config", "message": "Environment validated", "environment": "development"}
{"timestamp": "2026-03-10T16:37:49.112339Z", "level": "INFO", "component": "config", "message": "Database URL validated", "environment": "development"}
{"timestamp": "2026-03-10T16:37:49.113337Z", "level": "INFO", "component": "config", "message": "Embedding dimension validated", "environment": "development"}
{"timestamp": "2026-03-10T16:37:49.116392Z", "level": "INFO", "component": "config", "message": "TTS configuration validated", "environment": "development"}
{"timestamp": "2026-03-10T16:37:49.117433Z", "level": "INFO", "component": "config", "message": "Settings loaded successfully", "environment": "development"}
{"timestamp": "2026-03-10T16:38:29.449119Z", "level": "INFO", "component": "config", "message": "Initializing application settings", "environment": "development"}
{"timestamp": "2026-03-10T16:38:29.463662Z", "level": "INFO", "component": "config", "message": "Environment validated", "environment": "development"}
{"timestamp": "2026-03-10T16:38:29.466940Z", "level": "INFO", "component": "config", "message": "Database URL validated", "environment": "development"}
{"timestamp": "2026-03-10T16:38:29.468969Z", "level": "INFO", "component": "config", "message": "Embedding dimension validated", "environment": "development"}
{"timestamp": "2026-03-10T16:38:29.470972Z", "level": "INFO", "component": "config", "message": "TTS configuration validated", "environment": "development"}
{"timestamp": "2026-03-10T16:38:29.472971Z", "level": "INFO", "component": "config", "message": "Settings loaded successfully", "environment": "development"}
{"timestamp": "2026-03-10T16:38:34.795312Z", "level": "INFO", "component": "config", "message": "Initializing application settings", "environment": "development"}
{"timestamp": "2026-03-10T16:38:34.808311Z", "level": "INFO", "component": "config", "message": "Environment validated", "environment": "development"}
{"timestamp": "2026-03-10T16:38:34.809313Z", "level": "INFO", "component": "config", "message": "Database URL validated", "environment": "development"}
{"timestamp": "2026-03-10T16:38:34.811314Z", "level": "INFO", "component": "config", "message": "Embedding dimension validated", "environment": "development"}
{"timestamp": "2026-03-10T16:38:34.813317Z", "level": "INFO", "component": "config", "message": "TTS configuration validated", "environment": "development"}
{"timestamp": "2026-03-10T16:38:34.814316Z", "level": "INFO", "component": "config", "message": "Settings loaded successfully", "environment": "development"}
{"timestamp": "2026-03-10T16:38:35.867211Z", "level": "INFO", "component": "config", "message": "Initializing application settings", "environment": "development"}
{"timestamp": "2026-03-10T16:38:35.875762Z", "level": "INFO", "component": "config", "message": "Environment validated", "environment": "development"}
{"timestamp": "2026-03-10T16:38:35.880763Z", "level": "INFO", "component": "config", "message": "Database URL validated", "environment": "development"}
{"timestamp": "2026-03-10T16:38:35.882760Z", "level": "INFO", "component": "config", "message": "Embedding dimension validated", "environment": "development"}
{"timestamp": "2026-03-10T16:38:35.884763Z", "level": "INFO", "component": "config", "message": "TTS configuration validated", "environment": "development"}
{"timestamp": "2026-03-10T16:38:35.885765Z", "level": "INFO", "component": "config", "message": "Settings loaded successfully", "environment": "development"}
{"timestamp": "2026-03-10T16:41:58.840816Z", "level": "INFO", "component": "config", "message": "Initializing application settings", "environment": "development"}
{"timestamp": "2026-03-10T16:41:58.849824Z", "level": "INFO", "component": "config", "message": "Environment validated", "environment": "development"}
{"timestamp": "2026-03-10T16:41:58.851824Z", "level": "INFO", "component": "config", "message": "Database URL validated", "environment": "development"}
{"timestamp": "2026-03-10T16:41:58.853824Z", "level": "INFO", "component": "config", "message": "Embedding dimension validated", "environment": "development"}
{"timestamp": "2026-03-10T16:41:58.854822Z", "level": "INFO", "component": "config", "message": "TTS configuration validated", "environment": "development"}
{"timestamp": "2026-03-10T16:41:58.856830Z", "level": "INFO", "component": "config", "message": "Settings loaded successfully", "environment": "development"}
{"timestamp": "2026-03-10T16:42:31.930376Z", "level": "INFO", "component": "config", "message": "Initializing application settings", "environment": "development"}
{"timestamp": "2026-03-10T16:42:31.942390Z", "level": "INFO", "component": "config", "message": "Environment validated", "environment": "development"}
{"timestamp": "2026-03-10T16:42:31.967382Z", "level": "INFO", "component": "config", "message": "Database URL validated", "environment": "development"}
{"timestamp": "2026-03-10T16:42:31.976895Z", "level": "INFO", "component": "config", "message": "Embedding dimension validated", "environment": "development"}
{"timestamp": "2026-03-10T16:42:31.979893Z", "level": "INFO", "component": "config", "message": "TTS configuration validated", "environment": "development"}
{"timestamp": "2026-03-10T16:42:31.984986Z", "level": "INFO", "component": "config", "message": "Settings loaded successfully", "environment": "development"}
{"timestamp": "2026-03-10T16:42:32.898917Z", "level": "INFO", "component": "config", "message": "Initializing application settings", "environment": "development"}
{"timestamp": "2026-03-10T16:42:32.934569Z", "level": "INFO", "component": "config", "message": "Environment validated", "environment": "development"}
{"timestamp": "2026-03-10T16:42:32.935593Z", "level": "INFO", "component": "config", "message": "Database URL validated", "environment": "development"}
{"timestamp": "2026-03-10T16:42:32.946133Z", "level": "INFO", "component": "config", "message": "Embedding dimension validated", "environment": "development"}
{"timestamp": "2026-03-10T16:42:32.948289Z", "level": "INFO", "component": "config", "message": "TTS configuration validated", "environment": "development"}
{"timestamp": "2026-03-10T16:42:32.951306Z", "level": "INFO", "component": "config", "message": "Settings loaded successfully", "environment": "development"}
{"timestamp": "2026-03-10T16:42:56.677644Z", "level": "INFO", "component": "config", "message": "Initializing application settings", "environment": "development"}
{"timestamp": "2026-03-10T16:42:56.691642Z", "level": "INFO", "component": "config", "message": "Environment validated", "environment": "development"}
{"timestamp": "2026-03-10T16:42:56.692639Z", "level": "INFO", "component": "config", "message": "Database URL validated", "environment": "development"}
{"timestamp": "2026-03-10T16:42:56.694641Z", "level": "INFO", "component": "config", "message": "Embedding dimension validated", "environment": "development"}
{"timestamp": "2026-03-10T16:42:56.696645Z", "level": "INFO", "component": "config", "message": "TTS configuration validated", "environment": "development"}
{"timestamp": "2026-03-10T16:42:56.698639Z", "level": "INFO", "component": "config", "message": "Settings loaded successfully", "environment": "development"}
{"timestamp": "2026-03-10T16:43:29.920458Z", "level": "INFO", "component": "config", "message": "Initializing application settings", "environment": "development"}
{"timestamp": "2026-03-10T16:43:29.930457Z", "level": "INFO", "component": "config", "message": "Environment validated", "environment": "development"}
{"timestamp": "2026-03-10T16:43:29.932455Z", "level": "INFO", "component": "config", "message": "Database URL validated", "environment": "development"}
{"timestamp": "2026-03-10T16:43:29.934456Z", "level": "INFO", "component": "config", "message": "Embedding dimension validated", "environment": "development"}
{"timestamp": "2026-03-10T16:43:29.936455Z", "level": "INFO", "component": "config", "message": "TTS configuration validated", "environment": "development"}
{"timestamp": "2026-03-10T16:43:29.938459Z", "level": "INFO", "component": "config", "message": "Settings loaded successfully", "environment": "development"}
{"timestamp": "2026-03-10T16:44:03.151186Z", "level": "INFO", "component": "config", "message": "Initializing application settings", "environment": "development"}
{"timestamp": "2026-03-10T16:44:03.164212Z", "level": "INFO", "component": "config", "message": "Environment validated", "environment": "development"}
{"timestamp": "2026-03-10T16:44:03.167214Z", "level": "INFO", "component": "config", "message": "Database URL validated", "environment": "development"}
{"timestamp": "2026-03-10T16:44:03.169210Z", "level": "INFO", "component": "config", "message": "Embedding dimension validated", "environment": "development"}
{"timestamp": "2026-03-10T16:44:03.171735Z", "level": "INFO", "component": "config", "message": "TTS configuration validated", "environment": "development"}
{"timestamp": "2026-03-10T16:44:03.172756Z", "level": "INFO", "component": "config", "message": "Settings loaded successfully", "environment": "development"}
{"timestamp": "2026-03-10T16:44:04.277896Z", "level": "INFO", "component": "config", "message": "Initializing application settings", "environment": "development"}
{"timestamp": "2026-03-10T16:44:04.286899Z", "level": "INFO", "component": "config", "message": "Environment validated", "environment": "development"}
{"timestamp": "2026-03-10T16:44:04.288905Z", "level": "INFO", "component": "config", "message": "Database URL validated", "environment": "development"}
{"timestamp": "2026-03-10T16:44:04.292899Z", "level": "INFO", "component": "config", "message": "Embedding dimension validated", "environment": "development"}
{"timestamp": "2026-03-10T16:44:04.295904Z", "level": "INFO", "component": "config", "message": "TTS configuration validated", "environment": "development"}
{"timestamp": "2026-03-10T16:44:04.297901Z", "level": "INFO", "component": "config", "message": "Settings loaded successfully", "environment": "development"}
{"timestamp": "2026-03-10T16:44:11.697693Z", "level": "INFO", "component": "config", "message": "Initializing application settings", "environment": "development"}
{"timestamp": "2026-03-10T16:44:11.714237Z", "level": "INFO", "component": "config", "message": "Environment validated", "environment": "development"}
{"timestamp": "2026-03-10T16:44:11.715233Z", "level": "INFO", "component": "config", "message": "Database URL validated", "environment": "development"}
{"timestamp": "2026-03-10T16:44:11.718237Z", "level": "INFO", "component": "config", "message": "Embedding dimension validated", "environment": "development"}
{"timestamp": "2026-03-10T16:44:11.720587Z", "level": "INFO", "component": "config", "message": "TTS configuration validated", "environment": "development"}
{"timestamp": "2026-03-10T16:44:11.722605Z", "level": "INFO", "component": "config", "message": "Settings loaded successfully", "environment": "development"}
{"timestamp": "2026-03-10T16:44:12.699931Z", "level": "INFO", "component": "config", "message": "Initializing application settings", "environment": "development"}
{"timestamp": "2026-03-10T16:44:12.711944Z", "level": "INFO", "component": "config", "message": "Environment validated", "environment": "development"}
{"timestamp": "2026-03-10T16:44:12.714647Z", "level": "INFO", "component": "config", "message": "Database URL validated", "environment": "development"}
{"timestamp": "2026-03-10T16:44:12.715666Z", "level": "INFO", "component": "config", "message": "Embedding dimension validated", "environment": "development"}
{"timestamp": "2026-03-10T16:44:12.717666Z", "level": "INFO", "component": "config", "message": "TTS configuration validated", "environment": "development"}
{"timestamp": "2026-03-10T16:44:12.719664Z", "level": "INFO", "component": "config", "message": "Settings loaded successfully", "environment": "development"}
{"timestamp": "2026-03-10T16:45:45.054356Z", "level": "INFO", "component": "config", "message": "Initializing application settings", "environment": "development"}
{"timestamp": "2026-03-10T16:45:45.071826Z", "level": "INFO", "component": "config", "message": "Environment validated", "environment": "development"}
{"timestamp": "2026-03-10T16:45:45.074364Z", "level": "INFO", "component": "config", "message": "Database URL validated", "environment": "development"}
{"timestamp": "2026-03-10T16:45:45.076383Z", "level": "INFO", "component": "config", "message": "Embedding dimension validated", "environment": "development"}
{"timestamp": "2026-03-10T16:45:45.077369Z", "level": "INFO", "component": "config", "message": "TTS configuration validated", "environment": "development"}
{"timestamp": "2026-03-10T16:45:45.079364Z", "level": "INFO", "component": "config", "message": "Settings loaded successfully", "environment": "development"}
{"timestamp": "2026-03-10T16:46:38.502404Z", "level": "INFO", "component": "config", "message": "Initializing application settings", "environment": "development"}
{"timestamp": "2026-03-10T16:46:38.521610Z", "level": "INFO", "component": "config", "message": "Environment validated", "environment": "development"}
{"timestamp": "2026-03-10T16:46:38.523612Z", "level": "INFO", "component": "config", "message": "Database URL validated", "environment": "development"}
{"timestamp": "2026-03-10T16:46:38.525627Z", "level": "INFO", "component": "config", "message": "Embedding dimension validated", "environment": "development"}
{"timestamp": "2026-03-10T16:46:38.527613Z", "level": "INFO", "component": "config", "message": "TTS configuration validated", "environment": "development"}
{"timestamp": "2026-03-10T16:46:38.528610Z", "level": "INFO", "component": "config", "message": "Settings loaded successfully", "environment": "development"}
{"timestamp": "2026-03-10T16:49:06.248956Z", "level": "INFO", "component": "config", "message": "Initializing application settings", "environment": "development"}
{"timestamp": "2026-03-10T16:49:06.259945Z", "level": "INFO", "component": "config", "message": "Environment validated", "environment": "development"}
{"timestamp": "2026-03-10T16:49:06.261945Z", "level": "INFO", "component": "config", "message": "Database URL validated", "environment": "development"}
{"timestamp": "2026-03-10T16:49:06.264034Z", "level": "INFO", "component": "config", "message": "Embedding dimension validated", "environment": "development"}
{"timestamp": "2026-03-10T16:49:06.266062Z", "level": "INFO", "component": "config", "message": "TTS configuration validated", "environment": "development"}
{"timestamp": "2026-03-10T16:49:06.269075Z", "level": "INFO", "component": "config", "message": "Settings loaded successfully", "environment": "development"}
{"timestamp": "2026-03-10T16:53:15.300992Z", "level": "INFO", "component": "config", "message": "Initializing application settings", "environment": "development"}
{"timestamp": "2026-03-10T16:53:15.312286Z", "level": "INFO", "component": "config", "message": "Environment validated", "environment": "development"}
{"timestamp": "2026-03-10T16:53:15.316286Z", "level": "INFO", "component": "config", "message": "Database URL validated", "environment": "development"}
{"timestamp": "2026-03-10T16:53:15.319284Z", "level": "INFO", "component": "config", "message": "Embedding dimension validated", "environment": "development"}
{"timestamp": "2026-03-10T16:53:15.329503Z", "level": "INFO", "component": "config", "message": "TTS configuration validated", "environment": "development"}
{"timestamp": "2026-03-10T16:53:15.331482Z", "level": "INFO", "component": "config", "message": "Settings loaded successfully", "environment": "development"}
{"timestamp": "2026-03-10T16:56:58.002385Z", "level": "INFO", "component": "config", "message": "Initializing application settings", "environment": "development"}
{"timestamp": "2026-03-10T16:56:58.036287Z", "level": "INFO", "component": "config", "message": "Environment validated", "environment": "development"}
{"timestamp": "2026-03-10T16:56:58.041296Z", "level": "INFO", "component": "config", "message": "Database URL validated", "environment": "development"}
{"timestamp": "2026-03-10T16:56:58.052801Z", "level": "INFO", "component": "config", "message": "Embedding dimension validated", "environment": "development"}
{"timestamp": "2026-03-10T16:56:58.057423Z", "level": "INFO", "component": "config", "message": "TTS configuration validated", "environment": "development"}
{"timestamp": "2026-03-10T16:56:58.065421Z", "level": "INFO", "component": "config", "message": "Settings loaded successfully", "environment": "development"}
{"timestamp": "2026-03-10T17:03:10.003562Z", "level": "INFO", "component": "config", "message": "Initializing application settings", "environment": "development"}
{"timestamp": "2026-03-10T17:03:10.013585Z", "level": "INFO", "component": "config", "message": "Environment validated", "environment": "development"}
{"timestamp": "2026-03-10T17:03:10.015689Z", "level": "INFO", "component": "config", "message": "Database URL validated", "environment": "development"}
{"timestamp": "2026-03-10T17:03:10.016710Z", "level": "INFO", "component": "config", "message": "Embedding dimension validated", "environment": "development"}
{"timestamp": "2026-03-10T17:03:10.018714Z", "level": "INFO", "component": "config", "message": "TTS configuration validated", "environment": "development"}
{"timestamp": "2026-03-10T17:03:10.020714Z", "level": "INFO", "component": "config", "message": "Settings loaded successfully", "environment": "development"}
{"timestamp": "2026-03-10T17:03:15.296731Z", "level": "INFO", "component": "config", "message": "Initializing application settings", "environment": "development"}
{"timestamp": "2026-03-10T17:03:15.317623Z", "level": "INFO", "component": "config", "message": "Environment validated", "environment": "development"}
{"timestamp": "2026-03-10T17:03:15.321150Z", "level": "INFO", "component": "config", "message": "Database URL validated", "environment": "development"}
{"timestamp": "2026-03-10T17:03:15.323406Z", "level": "INFO", "component": "config", "message": "Embedding dimension validated", "environment": "development"}
{"timestamp": "2026-03-10T17:03:15.325935Z", "level": "INFO", "component": "config", "message": "TTS configuration validated", "environment": "development"}
{"timestamp": "2026-03-10T17:03:15.328335Z", "level": "INFO", "component": "config", "message": "Settings loaded successfully", "environment": "development"}
{"timestamp": "2026-03-10T17:04:13.053069Z", "level": "INFO", "component": "config", "message": "Initializing application settings", "environment": "development"}
{"timestamp": "2026-03-10T17:04:13.062074Z", "level": "INFO", "component": "config", "message": "Environment validated", "environment": "development"}
{"timestamp": "2026-03-10T17:04:13.063089Z", "level": "INFO", "component": "config", "message": "Database URL validated", "environment": "development"}
{"timestamp": "2026-03-10T17:04:13.065092Z", "level": "INFO", "component": "config", "message": "Embedding dimension validated", "environment": "development"}
{"timestamp": "2026-03-10T17:04:13.067093Z", "level": "INFO", "component": "config", "message": "TTS configuration validated", "environment": "development"}
{"timestamp": "2026-03-10T17:04:13.069095Z", "level": "INFO", "component": "config", "message": "Settings loaded successfully", "environment": "development"}
{"timestamp": "2026-03-10T17:04:14.896332Z", "level": "INFO", "component": "config", "message": "Initializing application settings", "environment": "development"}
{"timestamp": "2026-03-10T17:04:14.911561Z", "level": "INFO", "component": "config", "message": "Environment validated", "environment": "development"}
{"timestamp": "2026-03-10T17:04:14.914567Z", "level": "INFO", "component": "config", "message": "Database URL validated", "environment": "development"}
{"timestamp": "2026-03-10T17:04:14.920114Z", "level": "INFO", "component": "config", "message": "Embedding dimension validated", "environment": "development"}
{"timestamp": "2026-03-10T17:04:14.928124Z", "level": "INFO", "component": "config", "message": "TTS configuration validated", "environment": "development"}
{"timestamp": "2026-03-10T17:04:14.930127Z", "level": "INFO", "component": "config", "message": "Settings loaded successfully", "environment": "development"}
{"timestamp": "2026-03-10T17:04:14.985330Z", "level": "INFO", "component": "config", "message": "Starting critical settings validation", "environment": "development"}
{"timestamp": "2026-03-10T17:04:14.986329Z", "level": "INFO", "component": "config", "message": "Critical settings validation passed", "environment": "development"}
{"timestamp": "2026-03-10T17:04:14.988331Z", "level": "INFO", "component": "config", "message": "Generating configuration summary", "environment": "development"}
{"timestamp": "2026-03-10T17:04:14.989327Z", "level": "INFO", "component": "config", "message": "Configuration summary", "environment": "development"}
{"timestamp": "2026-03-10T17:08:36.591442Z", "level": "INFO", "component": "config", "message": "Initializing application settings", "environment": "development"}
{"timestamp": "2026-03-10T17:08:36.602492Z", "level": "INFO", "component": "config", "message": "Environment validated", "environment": "development"}
{"timestamp": "2026-03-10T17:08:36.604005Z", "level": "INFO", "component": "config", "message": "Database URL validated", "environment": "development"}
{"timestamp": "2026-03-10T17:08:36.605025Z", "level": "INFO", "component": "config", "message": "Embedding dimension validated", "environment": "development"}
{"timestamp": "2026-03-10T17:08:36.606047Z", "level": "INFO", "component": "config", "message": "TTS configuration validated", "environment": "development"}
{"timestamp": "2026-03-10T17:08:36.608043Z", "level": "INFO", "component": "config", "message": "Settings loaded successfully", "environment": "development"}
{"timestamp": "2026-03-10T17:08:38.385458Z", "level": "INFO", "component": "config", "message": "Initializing application settings", "environment": "development"}
{"timestamp": "2026-03-10T17:08:38.395011Z", "level": "INFO", "component": "config", "message": "Environment validated", "environment": "development"}
{"timestamp": "2026-03-10T17:08:38.396522Z", "level": "INFO", "component": "config", "message": "Database URL validated", "environment": "development"}
{"timestamp": "2026-03-10T17:08:38.398556Z", "level": "INFO", "component": "config", "message": "Embedding dimension validated", "environment": "development"}
{"timestamp": "2026-03-10T17:08:38.401576Z", "level": "INFO", "component": "config", "message": "TTS configuration validated", "environment": "development"}
{"timestamp": "2026-03-10T17:08:38.404117Z", "level": "INFO", "component": "config", "message": "Settings loaded successfully", "environment": "development"}
{"timestamp": "2026-03-10T17:08:38.451560Z", "level": "INFO", "component": "config", "message": "Starting critical settings validation", "environment": "development"}
{"timestamp": "2026-03-10T17:08:38.453074Z", "level": "INFO", "component": "config", "message": "Critical settings validation passed", "environment": "development"}
{"timestamp": "2026-03-10T17:08:38.455090Z", "level": "INFO", "component": "config", "message": "Generating configuration summary", "environment": "development"}
{"timestamp": "2026-03-10T17:08:38.456092Z", "level": "INFO", "component": "config", "message": "Configuration summary", "environment": "development"}
{"timestamp": "2026-03-10T17:08:53.317452Z", "level": "INFO", "component": "config", "message": "Initializing application settings", "environment": "development"}
{"timestamp": "2026-03-10T17:08:53.326011Z", "level": "INFO", "component": "config", "message": "Environment validated", "environment": "development"}
{"timestamp": "2026-03-10T17:08:53.329009Z", "level": "INFO", "component": "config", "message": "Database URL validated", "environment": "development"}
{"timestamp": "2026-03-10T17:08:53.334555Z", "level": "INFO", "component": "config", "message": "Embedding dimension validated", "environment": "development"}
{"timestamp": "2026-03-10T17:08:53.336583Z", "level": "INFO", "component": "config", "message": "TTS configuration validated", "environment": "development"}
{"timestamp": "2026-03-10T17:08:53.337573Z", "level": "INFO", "component": "config", "message": "Settings loaded successfully", "environment": "development"}
{"timestamp": "2026-03-10T17:08:54.141140Z", "level": "INFO", "component": "config", "message": "Initializing application settings", "environment": "development"}
{"timestamp": "2026-03-10T17:08:54.156714Z", "level": "INFO", "component": "config", "message": "Environment validated", "environment": "development"}
{"timestamp": "2026-03-10T17:08:54.157718Z", "level": "INFO", "component": "config", "message": "Database URL validated", "environment": "development"}
{"timestamp": "2026-03-10T17:08:54.160249Z", "level": "INFO", "component": "config", "message": "Embedding dimension validated", "environment": "development"}
{"timestamp": "2026-03-10T17:08:54.162253Z", "level": "INFO", "component": "config", "message": "TTS configuration validated", "environment": "development"}
{"timestamp": "2026-03-10T17:08:54.165787Z", "level": "INFO", "component": "config", "message": "Settings loaded successfully", "environment": "development"}
{"timestamp": "2026-03-10T17:08:55.322177Z", "level": "INFO", "component": "config", "message": "Initializing application settings", "environment": "development"}
{"timestamp": "2026-03-10T17:08:55.335417Z", "level": "INFO", "component": "config", "message": "Environment validated", "environment": "development"}
{"timestamp": "2026-03-10T17:08:55.337431Z", "level": "INFO", "component": "config", "message": "Database URL validated", "environment": "development"}
{"timestamp": "2026-03-10T17:08:55.339432Z", "level": "INFO", "component": "config", "message": "Embedding dimension validated", "environment": "development"}
{"timestamp": "2026-03-10T17:08:55.340432Z", "level": "INFO", "component": "config", "message": "TTS configuration validated", "environment": "development"}
{"timestamp": "2026-03-10T17:08:55.343947Z", "level": "INFO", "component": "config", "message": "Settings loaded successfully", "environment": "development"}
{"timestamp": "2026-03-10T17:08:55.427178Z", "level": "INFO", "component": "config", "message": "Initializing application settings", "environment": "development"}
{"timestamp": "2026-03-10T17:08:55.444591Z", "level": "INFO", "component": "config", "message": "Environment validated", "environment": "development"}
{"timestamp": "2026-03-10T17:08:55.446605Z", "level": "INFO", "component": "config", "message": "Database URL validated", "environment": "development"}
{"timestamp": "2026-03-10T17:08:55.449120Z", "level": "INFO", "component": "config", "message": "Embedding dimension validated", "environment": "development"}
{"timestamp": "2026-03-10T17:08:55.453329Z", "level": "INFO", "component": "config", "message": "TTS configuration validated", "environment": "development"}
{"timestamp": "2026-03-10T17:08:55.456365Z", "level": "INFO", "component": "config", "message": "Settings loaded successfully", "environment": "development"}
{"timestamp": "2026-03-10T17:08:55.508808Z", "level": "INFO", "component": "config", "message": "Starting critical settings validation", "environment": "development"}
{"timestamp": "2026-03-10T17:08:55.510825Z", "level": "INFO", "component": "config", "message": "Critical settings validation passed", "environment": "development"}
{"timestamp": "2026-03-10T17:08:55.513340Z", "level": "INFO", "component": "config", "message": "Generating configuration summary", "environment": "development"}
{"timestamp": "2026-03-10T17:08:55.515358Z", "level": "INFO", "component": "config", "message": "Configuration summary", "environment": "development"}
{"timestamp": "2026-03-10T17:14:00.108255Z", "level": "INFO", "component": "config", "message": "Initializing application settings", "environment": "development"}
{"timestamp": "2026-03-10T17:14:00.118829Z", "level": "INFO", "component": "config", "message": "Environment validated", "environment": "development"}
{"timestamp": "2026-03-10T17:14:00.120356Z", "level": "INFO", "component": "config", "message": "Database URL validated", "environment": "development"}
{"timestamp": "2026-03-10T17:14:00.123069Z", "level": "INFO", "component": "config", "message": "Embedding dimension validated", "environment": "development"}
{"timestamp": "2026-03-10T17:14:00.125085Z", "level": "INFO", "component": "config", "message": "TTS configuration validated", "environment": "development"}
{"timestamp": "2026-03-10T17:14:00.126082Z", "level": "INFO", "component": "config", "message": "Settings loaded successfully", "environment": "development"}
{"timestamp": "2026-03-10T17:14:03.058180Z", "level": "INFO", "component": "config", "message": "Initializing application settings", "environment": "development"}
{"timestamp": "2026-03-10T17:14:03.071227Z", "level": "INFO", "component": "config", "message": "Environment validated", "environment": "development"}
{"timestamp": "2026-03-10T17:14:03.074247Z", "level": "INFO", "component": "config", "message": "Database URL validated", "environment": "development"}
{"timestamp": "2026-03-10T17:14:03.077247Z", "level": "INFO", "component": "config", "message": "Embedding dimension validated", "environment": "development"}
{"timestamp": "2026-03-10T17:14:03.082792Z", "level": "INFO", "component": "config", "message": "TTS configuration validated", "environment": "development"}
{"timestamp": "2026-03-10T17:14:03.087780Z", "level": "INFO", "component": "config", "message": "Settings loaded successfully", "environment": "development"}
{"timestamp": "2026-03-10T17:14:03.154874Z", "level": "INFO", "component": "config", "message": "Starting critical settings validation", "environment": "development"}
{"timestamp": "2026-03-10T17:14:03.156881Z", "level": "INFO", "component": "config", "message": "Critical settings validation passed", "environment": "development"}
{"timestamp": "2026-03-10T17:14:03.158877Z", "level": "INFO", "component": "config", "message": "Generating configuration summary", "environment": "development"}
{"timestamp": "2026-03-10T17:14:03.161417Z", "level": "INFO", "component": "config", "message": "Configuration summary", "environment": "development"}
{"timestamp": "2026-03-10T17:14:10.896737Z", "level": "INFO", "component": "config", "message": "Initializing application settings", "environment": "development"}
{"timestamp": "2026-03-10T17:14:10.907283Z", "level": "INFO", "component": "config", "message": "Environment validated", "environment": "development"}
{"timestamp": "2026-03-10T17:14:10.909279Z", "level": "INFO", "component": "config", "message": "Database URL validated", "environment": "development"}
{"timestamp": "2026-03-10T17:14:10.911603Z", "level": "INFO", "component": "config", "message": "Embedding dimension validated", "environment": "development"}
{"timestamp": "2026-03-10T17:14:10.913605Z", "level": "INFO", "component": "config", "message": "TTS configuration validated", "environment": "development"}
{"timestamp": "2026-03-10T17:14:10.916138Z", "level": "INFO", "component": "config", "message": "Settings loaded successfully", "environment": "development"}
{"timestamp": "2026-03-10T17:14:13.520468Z", "level": "INFO", "component": "config", "message": "Initializing application settings", "environment": "development"}
{"timestamp": "2026-03-10T17:14:13.539057Z", "level": "INFO", "component": "config", "message": "Environment validated", "environment": "development"}
{"timestamp": "2026-03-10T17:14:13.541279Z", "level": "INFO", "component": "config", "message": "Database URL validated", "environment": "development"}
{"timestamp": "2026-03-10T17:14:13.543279Z", "level": "INFO", "component": "config", "message": "Embedding dimension validated", "environment": "development"}
{"timestamp": "2026-03-10T17:14:13.544277Z", "level": "INFO", "component": "config", "message": "TTS configuration validated", "environment": "development"}
{"timestamp": "2026-03-10T17:14:13.546277Z", "level": "INFO", "component": "config", "message": "Settings loaded successfully", "environment": "development"}
{"timestamp": "2026-03-10T17:14:13.627210Z", "level": "INFO", "component": "config", "message": "Starting critical settings validation", "environment": "development"}
{"timestamp": "2026-03-10T17:14:13.628206Z", "level": "INFO", "component": "config", "message": "Critical settings validation passed", "environment": "development"}
{"timestamp": "2026-03-10T17:14:13.630725Z", "level": "INFO", "component": "config", "message": "Generating configuration summary", "environment": "development"}
{"timestamp": "2026-03-10T17:14:13.633744Z", "level": "INFO", "component": "config", "message": "Configuration summary", "environment": "development"}
{"timestamp": "2026-03-10T17:14:25.245332Z", "level": "INFO", "component": "config", "message": "Initializing application settings", "environment": "development"}
{"timestamp": "2026-03-10T17:14:25.261417Z", "level": "INFO", "component": "config", "message": "Environment validated", "environment": "development"}
{"timestamp": "2026-03-10T17:14:25.267428Z", "level": "INFO", "component": "config", "message": "Database URL validated", "environment": "development"}
{"timestamp": "2026-03-10T17:14:25.270945Z", "level": "INFO", "component": "config", "message": "Embedding dimension validated", "environment": "development"}
{"timestamp": "2026-03-10T17:14:25.273974Z", "level": "INFO", "component": "config", "message": "TTS configuration validated", "environment": "development"}
{"timestamp": "2026-03-10T17:14:25.275975Z", "level": "INFO", "component": "config", "message": "Settings loaded successfully", "environment": "development"}
{"timestamp": "2026-03-10T17:14:26.714732Z", "level": "INFO", "component": "config", "message": "Initializing application settings", "environment": "development"}
{"timestamp": "2026-03-10T17:14:26.748395Z", "level": "INFO", "component": "config", "message": "Environment validated", "environment": "development"}
{"timestamp": "2026-03-10T17:14:26.751922Z", "level": "INFO", "component": "config", "message": "Database URL validated", "environment": "development"}
{"timestamp": "2026-03-10T17:14:26.754945Z", "level": "INFO", "component": "config", "message": "Embedding dimension validated", "environment": "development"}
{"timestamp": "2026-03-10T17:14:26.756938Z", "level": "INFO", "component": "config", "message": "TTS configuration validated", "environment": "development"}
{"timestamp": "2026-03-10T17:14:26.758941Z", "level": "INFO", "component": "config", "message": "Settings loaded successfully", "environment": "development"}
{"timestamp": "2026-03-10T17:14:27.973563Z", "level": "INFO", "component": "config", "message": "Initializing application settings", "environment": "development"}
{"timestamp": "2026-03-10T17:14:27.990104Z", "level": "INFO", "component": "config", "message": "Environment validated", "environment": "development"}
{"timestamp": "2026-03-10T17:14:27.991630Z", "level": "INFO", "component": "config", "message": "Database URL validated", "environment": "development"}
{"timestamp": "2026-03-10T17:14:27.994148Z", "level": "INFO", "component": "config", "message": "Embedding dimension validated", "environment": "development"}
{"timestamp": "2026-03-10T17:14:27.996165Z", "level": "INFO", "component": "config", "message": "TTS configuration validated", "environment": "development"}
{"timestamp": "2026-03-10T17:14:27.998161Z", "level": "INFO", "component": "config", "message": "Settings loaded successfully", "environment": "development"}
{"timestamp": "2026-03-10T17:14:28.059998Z", "level": "INFO", "component": "config", "message": "Starting critical settings validation", "environment": "development"}
{"timestamp": "2026-03-10T17:14:28.061543Z", "level": "INFO", "component": "config", "message": "Critical settings validation passed", "environment": "development"}
{"timestamp": "2026-03-10T17:14:28.063828Z", "level": "INFO", "component": "config", "message": "Generating configuration summary", "environment": "development"}
{"timestamp": "2026-03-10T17:14:28.064847Z", "level": "INFO", "component": "config", "message": "Configuration summary", "environment": "development"}
{"timestamp": "2026-03-10T17:14:28.314624Z", "level": "INFO", "component": "config", "message": "Initializing application settings", "environment": "development"}
{"timestamp": "2026-03-10T17:14:28.337851Z", "level": "INFO", "component": "config", "message": "Environment validated", "environment": "development"}
{"timestamp": "2026-03-10T17:14:28.341974Z", "level": "INFO", "component": "config", "message": "Database URL validated", "environment": "development"}
{"timestamp": "2026-03-10T17:14:28.344995Z", "level": "INFO", "component": "config", "message": "Embedding dimension validated", "environment": "development"}
{"timestamp": "2026-03-10T17:14:28.353210Z", "level": "INFO", "component": "config", "message": "TTS configuration validated", "environment": "development"}
{"timestamp": "2026-03-10T17:14:28.359232Z", "level": "INFO", "component": "config", "message": "Settings loaded successfully", "environment": "development"}
{"timestamp": "2026-03-10T17:14:39.370310Z", "level": "INFO", "component": "config", "message": "Initializing application settings", "environment": "development"}
{"timestamp": "2026-03-10T17:14:39.386761Z", "level": "INFO", "component": "config", "message": "Environment validated", "environment": "development"}
{"timestamp": "2026-03-10T17:14:39.388762Z", "level": "INFO", "component": "config", "message": "Database URL validated", "environment": "development"}
{"timestamp": "2026-03-10T17:14:39.392292Z", "level": "INFO", "component": "config", "message": "Embedding dimension validated", "environment": "development"}
{"timestamp": "2026-03-10T17:14:39.395295Z", "level": "INFO", "component": "config", "message": "TTS configuration validated", "environment": "development"}
{"timestamp": "2026-03-10T17:14:39.397296Z", "level": "INFO", "component": "config", "message": "Settings loaded successfully", "environment": "development"}
{"timestamp": "2026-03-10T17:14:39.943484Z", "level": "INFO", "component": "config", "message": "Initializing application settings", "environment": "development"}
{"timestamp": "2026-03-10T17:14:39.960073Z", "level": "INFO", "component": "config", "message": "Environment validated", "environment": "development"}
{"timestamp": "2026-03-10T17:14:39.963107Z", "level": "INFO", "component": "config", "message": "Database URL validated", "environment": "development"}
{"timestamp": "2026-03-10T17:14:39.965111Z", "level": "INFO", "component": "config", "message": "Embedding dimension validated", "environment": "development"}
{"timestamp": "2026-03-10T17:14:39.968426Z", "level": "INFO", "component": "config", "message": "TTS configuration validated", "environment": "development"}
{"timestamp": "2026-03-10T17:14:39.970969Z", "level": "INFO", "component": "config", "message": "Settings loaded successfully", "environment": "development"}
{"timestamp": "2026-03-10T17:14:41.644122Z", "level": "INFO", "component": "config", "message": "Initializing application settings", "environment": "development"}
{"timestamp": "2026-03-10T17:14:41.658740Z", "level": "INFO", "component": "config", "message": "Environment validated", "environment": "development"}
{"timestamp": "2026-03-10T17:14:41.660257Z", "level": "INFO", "component": "config", "message": "Database URL validated", "environment": "development"}
{"timestamp": "2026-03-10T17:14:41.662275Z", "level": "INFO", "component": "config", "message": "Embedding dimension validated", "environment": "development"}
{"timestamp": "2026-03-10T17:14:41.664296Z", "level": "INFO", "component": "config", "message": "TTS configuration validated", "environment": "development"}
{"timestamp": "2026-03-10T17:14:41.668243Z", "level": "INFO", "component": "config", "message": "Settings loaded successfully", "environment": "development"}
{"timestamp": "2026-03-10T17:14:42.165415Z", "level": "INFO", "component": "config", "message": "Initializing application settings", "environment": "development"}
{"timestamp": "2026-03-10T17:14:42.185043Z", "level": "INFO", "component": "config", "message": "Environment validated", "environment": "development"}
{"timestamp": "2026-03-10T17:14:42.187042Z", "level": "INFO", "component": "config", "message": "Database URL validated", "environment": "development"}
{"timestamp": "2026-03-10T17:14:42.190552Z", "level": "INFO", "component": "config", "message": "Embedding dimension validated", "environment": "development"}
{"timestamp": "2026-03-10T17:14:42.191572Z", "level": "INFO", "component": "config", "message": "TTS configuration validated", "environment": "development"}
{"timestamp": "2026-03-10T17:14:42.193590Z", "level": "INFO", "component": "config", "message": "Settings loaded successfully", "environment": "development"}
{"timestamp": "2026-03-10T17:14:42.272894Z", "level": "INFO", "component": "config", "message": "Starting critical settings validation", "environment": "development"}
{"timestamp": "2026-03-10T17:14:42.277140Z", "level": "INFO", "component": "config", "message": "Critical settings validation passed", "environment": "development"}
{"timestamp": "2026-03-10T17:14:42.279160Z", "level": "INFO", "component": "config", "message": "Generating configuration summary", "environment": "development"}
{"timestamp": "2026-03-10T17:14:42.280670Z", "level": "INFO", "component": "config", "message": "Configuration summary", "environment": "development"}
{"timestamp": "2026-03-10T17:17:44.665260Z", "level": "INFO", "component": "config", "message": "Initializing application settings", "environment": "development"}
{"timestamp": "2026-03-10T17:17:44.680256Z", "level": "INFO", "component": "config", "message": "Environment validated", "environment": "development"}
{"timestamp": "2026-03-10T17:17:44.682620Z", "level": "INFO", "component": "config", "message": "Database URL validated", "environment": "development"}
{"timestamp": "2026-03-10T17:17:44.686141Z", "level": "INFO", "component": "config", "message": "Embedding dimension validated", "environment": "development"}
{"timestamp": "2026-03-10T17:17:44.688168Z", "level": "INFO", "component": "config", "message": "TTS configuration validated", "environment": "development"}
{"timestamp": "2026-03-10T17:17:44.691168Z", "level": "INFO", "component": "config", "message": "Settings loaded successfully", "environment": "development"}
{"timestamp": "2026-03-10T17:17:47.707996Z", "level": "INFO", "component": "config", "message": "Initializing application settings", "environment": "development"}
{"timestamp": "2026-03-10T17:17:47.723522Z", "level": "INFO", "component": "config", "message": "Environment validated", "environment": "development"}
{"timestamp": "2026-03-10T17:17:47.725519Z", "level": "INFO", "component": "config", "message": "Database URL validated", "environment": "development"}
{"timestamp": "2026-03-10T17:17:47.727520Z", "level": "INFO", "component": "config", "message": "Embedding dimension validated", "environment": "development"}
{"timestamp": "2026-03-10T17:17:47.730520Z", "level": "INFO", "component": "config", "message": "TTS configuration validated", "environment": "development"}
{"timestamp": "2026-03-10T17:17:47.732521Z", "level": "INFO", "component": "config", "message": "Settings loaded successfully", "environment": "development"}
{"timestamp": "2026-03-10T17:17:47.804717Z", "level": "INFO", "component": "config", "message": "Starting critical settings validation", "environment": "development"}
{"timestamp": "2026-03-10T17:17:47.806742Z", "level": "INFO", "component": "config", "message": "Critical settings validation passed", "environment": "development"}
{"timestamp": "2026-03-10T17:17:47.809739Z", "level": "INFO", "component": "config", "message": "Generating configuration summary", "environment": "development"}
{"timestamp": "2026-03-10T17:17:47.812741Z", "level": "INFO", "component": "config", "message": "Configuration summary", "environment": "development"}
{"timestamp": "2026-03-10T17:19:38.588647Z", "level": "INFO", "component": "config", "message": "Initializing application settings", "environment": "development"}
{"timestamp": "2026-03-10T17:19:38.601680Z", "level": "INFO", "component": "config", "message": "Environment validated", "environment": "development"}
{"timestamp": "2026-03-10T17:19:38.603781Z", "level": "INFO", "component": "config", "message": "Database URL validated", "environment": "development"}
{"timestamp": "2026-03-10T17:19:38.607342Z", "level": "INFO", "component": "config", "message": "Embedding dimension validated", "environment": "development"}
{"timestamp": "2026-03-10T17:19:38.609908Z", "level": "INFO", "component": "config", "message": "TTS configuration validated", "environment": "development"}
{"timestamp": "2026-03-10T17:19:38.611906Z", "level": "INFO", "component": "config", "message": "Settings loaded successfully", "environment": "development"}
{"timestamp": "2026-03-10T17:19:39.637526Z", "level": "INFO", "component": "config", "message": "Initializing application settings", "environment": "development"}
{"timestamp": "2026-03-10T17:19:39.649531Z", "level": "INFO", "component": "config", "message": "Environment validated", "environment": "development"}
{"timestamp": "2026-03-10T17:19:39.653550Z", "level": "INFO", "component": "config", "message": "Database URL validated", "environment": "development"}
{"timestamp": "2026-03-10T17:19:39.656545Z", "level": "INFO", "component": "config", "message": "Embedding dimension validated", "environment": "development"}
{"timestamp": "2026-03-10T17:19:39.659551Z", "level": "INFO", "component": "config", "message": "TTS configuration validated", "environment": "development"}
{"timestamp": "2026-03-10T17:19:39.660546Z", "level": "INFO", "component": "config", "message": "Settings loaded successfully", "environment": "development"}
{"timestamp": "2026-03-10T17:19:47.568171Z", "level": "INFO", "component": "config", "message": "Initializing application settings", "environment": "development"}
{"timestamp": "2026-03-10T17:19:47.593821Z", "level": "INFO", "component": "config", "message": "Environment validated", "environment": "development"}
{"timestamp": "2026-03-10T17:19:47.595822Z", "level": "INFO", "component": "config", "message": "Database URL validated", "environment": "development"}
{"timestamp": "2026-03-10T17:19:47.600823Z", "level": "INFO", "component": "config", "message": "Embedding dimension validated", "environment": "development"}
{"timestamp": "2026-03-10T17:19:47.602823Z", "level": "INFO", "component": "config", "message": "TTS configuration validated", "environment": "development"}
{"timestamp": "2026-03-10T17:19:47.604827Z", "level": "INFO", "component": "config", "message": "Settings loaded successfully", "environment": "development"}
{"timestamp": "2026-03-10T17:19:49.237921Z", "level": "INFO", "component": "config", "message": "Initializing application settings", "environment": "development"}
{"timestamp": "2026-03-10T17:19:49.253876Z", "level": "INFO", "component": "config", "message": "Environment validated", "environment": "development"}
{"timestamp": "2026-03-10T17:19:49.256889Z", "level": "INFO", "component": "config", "message": "Database URL validated", "environment": "development"}
{"timestamp": "2026-03-10T17:19:49.261888Z", "level": "INFO", "component": "config", "message": "Embedding dimension validated", "environment": "development"}
{"timestamp": "2026-03-10T17:19:49.268885Z", "level": "INFO", "component": "config", "message": "TTS configuration validated", "environment": "development"}
{"timestamp": "2026-03-10T17:19:49.272939Z", "level": "INFO", "component": "config", "message": "Settings loaded successfully", "environment": "development"}
{"timestamp": "2026-03-12T09:15:18.515645Z", "level": "INFO", "component": "config", "message": "Initializing application settings", "environment": "development"}
{"timestamp": "2026-03-12T09:15:18.525652Z", "level": "INFO", "component": "config", "message": "Environment validated", "environment": "development"}
{"timestamp": "2026-03-12T09:15:18.530653Z", "level": "INFO", "component": "config", "message": "Database URL validated", "environment": "development"}
{"timestamp": "2026-03-12T09:15:18.547516Z", "level": "INFO", "component": "config", "message": "Embedding dimension validated", "environment": "development"}
{"timestamp": "2026-03-12T09:15:18.549510Z", "level": "INFO", "component": "config", "message": "TTS configuration validated", "environment": "development"}
{"timestamp": "2026-03-12T09:15:18.552512Z", "level": "INFO", "component": "config", "message": "Settings loaded successfully", "environment": "development"}
{"timestamp": "2026-03-12T09:15:24.293436Z", "level": "INFO", "component": "config", "message": "Initializing application settings", "environment": "development"}
{"timestamp": "2026-03-12T09:15:24.307786Z", "level": "INFO", "component": "config", "message": "Environment validated", "environment": "development"}
{"timestamp": "2026-03-12T09:15:24.310783Z", "level": "INFO", "component": "config", "message": "Database URL validated", "environment": "development"}
{"timestamp": "2026-03-12T09:15:24.312325Z", "level": "INFO", "component": "config", "message": "Embedding dimension validated", "environment": "development"}
{"timestamp": "2026-03-12T09:15:24.314324Z", "level": "INFO", "component": "config", "message": "TTS configuration validated", "environment": "development"}
{"timestamp": "2026-03-12T09:15:24.321330Z", "level": "INFO", "component": "config", "message": "Settings loaded successfully", "environment": "development"}
{"timestamp": "2026-03-12T09:15:24.382328Z", "level": "INFO", "component": "config", "message": "Starting critical settings validation", "environment": "development"}
{"timestamp": "2026-03-12T09:15:24.384325Z", "level": "INFO", "component": "config", "message": "Critical settings validation passed", "environment": "development"}
{"timestamp": "2026-03-12T09:15:24.386328Z", "level": "INFO", "component": "config", "message": "Generating configuration summary", "environment": "development"}
{"timestamp": "2026-03-12T09:15:24.388326Z", "level": "INFO", "component": "config", "message": "Configuration summary", "environment": "development"}
{"timestamp": "2026-03-12T09:24:27.861271Z", "level": "INFO", "component": "config", "message": "Initializing application settings", "environment": "development"}
{"timestamp": "2026-03-12T09:24:27.904336Z", "level": "INFO", "component": "config", "message": "Environment validated", "environment": "development"}
{"timestamp": "2026-03-12T09:24:27.912877Z", "level": "INFO", "component": "config", "message": "Database URL validated", "environment": "development"}
{"timestamp": "2026-03-12T09:24:27.915874Z", "level": "INFO", "component": "config", "message": "Embedding dimension validated", "environment": "development"}
{"timestamp": "2026-03-12T09:24:27.967750Z", "level": "INFO", "component": "config", "message": "TTS configuration validated", "environment": "development"}
{"timestamp": "2026-03-12T09:24:28.020255Z", "level": "INFO", "component": "config", "message": "Settings loaded successfully", "environment": "development"}
{"timestamp": "2026-03-12T09:24:43.447140Z", "level": "INFO", "component": "config", "message": "Initializing application settings", "environment": "development"}
{"timestamp": "2026-03-12T09:24:43.469145Z", "level": "INFO", "component": "config", "message": "Environment validated", "environment": "development"}
{"timestamp": "2026-03-12T09:24:43.477246Z", "level": "INFO", "component": "config", "message": "Database URL validated", "environment": "development"}
{"timestamp": "2026-03-12T09:24:43.481165Z", "level": "INFO", "component": "config", "message": "Embedding dimension validated", "environment": "development"}
{"timestamp": "2026-03-12T09:24:43.490164Z", "level": "INFO", "component": "config", "message": "TTS configuration validated", "environment": "development"}
{"timestamp": "2026-03-12T09:24:43.499247Z", "level": "INFO", "component": "config", "message": "Settings loaded successfully", "environment": "development"}
{"timestamp": "2026-03-12T09:24:43.604668Z", "level": "INFO", "component": "config", "message": "Starting critical settings validation", "environment": "development"}
{"timestamp": "2026-03-12T09:24:43.608564Z", "level": "INFO", "component": "config", "message": "Critical settings validation passed", "environment": "development"}
{"timestamp": "2026-03-12T09:24:43.616573Z", "level": "INFO", "component": "config", "message": "Generating configuration summary", "environment": "development"}
{"timestamp": "2026-03-12T09:24:43.625564Z", "level": "INFO", "component": "config", "message": "Configuration summary", "environment": "development"}
{"timestamp": "2026-03-12T17:00:21.698441Z", "level": "INFO", "component": "config", "message": "Initializing application settings", "environment": "development"}
{"timestamp": "2026-03-12T17:00:21.743441Z", "level": "INFO", "component": "config", "message": "Environment validated", "environment": "development"}
{"timestamp": "2026-03-12T17:00:21.745652Z", "level": "INFO", "component": "config", "message": "Database URL validated", "environment": "development"}
{"timestamp": "2026-03-12T17:00:21.747646Z", "level": "INFO", "component": "config", "message": "Embedding dimension validated", "environment": "development"}
{"timestamp": "2026-03-12T17:00:21.750648Z", "level": "INFO", "component": "config", "message": "TTS configuration validated", "environment": "development"}
{"timestamp": "2026-03-12T17:00:21.753647Z", "level": "INFO", "component": "config", "message": "Settings loaded successfully", "environment": "development"}
{"timestamp": "2026-03-12T17:00:24.702184Z", "level": "INFO", "component": "config", "message": "Initializing application settings", "environment": "development"}
{"timestamp": "2026-03-12T17:00:24.718198Z", "level": "INFO", "component": "config", "message": "Environment validated", "environment": "development"}
{"timestamp": "2026-03-12T17:00:24.720216Z", "level": "INFO", "component": "config", "message": "Database URL validated", "environment": "development"}
{"timestamp": "2026-03-12T17:00:24.723213Z", "level": "INFO", "component": "config", "message": "Embedding dimension validated", "environment": "development"}
{"timestamp": "2026-03-12T17:00:24.725325Z", "level": "INFO", "component": "config", "message": "TTS configuration validated", "environment": "development"}
{"timestamp": "2026-03-12T17:00:24.727312Z", "level": "INFO", "component": "config", "message": "Settings loaded successfully", "environment": "development"}
{"timestamp": "2026-03-12T17:00:24.780954Z", "level": "INFO", "component": "config", "message": "Starting critical settings validation", "environment": "development"}
{"timestamp": "2026-03-12T17:00:24.782952Z", "level": "INFO", "component": "config", "message": "Critical settings validation passed", "environment": "development"}
{"timestamp": "2026-03-12T17:00:24.784953Z", "level": "INFO", "component": "config", "message": "Generating configuration summary", "environment": "development"}
{"timestamp": "2026-03-12T17:00:24.785961Z", "level": "INFO", "component": "config", "message": "Configuration summary", "environment": "development"}
{"timestamp": "2026-03-12T17:00:29.631795Z", "level": "INFO", "component": "config", "message": "Initializing application settings", "environment": "development"}
{"timestamp": "2026-03-12T17:00:29.645848Z", "level": "INFO", "component": "config", "message": "Environment validated", "environment": "development"}
{"timestamp": "2026-03-12T17:00:29.659781Z", "level": "INFO", "component": "config", "message": "Database URL validated", "environment": "development"}
{"timestamp": "2026-03-12T17:00:29.661884Z", "level": "INFO", "component": "config", "message": "Embedding dimension validated", "environment": "development"}
{"timestamp": "2026-03-12T17:00:29.672649Z", "level": "INFO", "component": "config", "message": "TTS configuration validated", "environment": "development"}
{"timestamp": "2026-03-12T17:00:29.678823Z", "level": "INFO", "component": "config", "message": "Settings loaded successfully", "environment": "development"}
{"timestamp": "2026-03-12T17:00:32.080879Z", "level": "INFO", "component": "config", "message": "Initializing application settings", "environment": "development"}
{"timestamp": "2026-03-12T17:00:32.097018Z", "level": "INFO", "component": "config", "message": "Environment validated", "environment": "development"}
{"timestamp": "2026-03-12T17:00:32.100019Z", "level": "INFO", "component": "config", "message": "Database URL validated", "environment": "development"}
{"timestamp": "2026-03-12T17:00:32.101018Z", "level": "INFO", "component": "config", "message": "Embedding dimension validated", "environment": "development"}
{"timestamp": "2026-03-12T17:00:32.107017Z", "level": "INFO", "component": "config", "message": "TTS configuration validated", "environment": "development"}
{"timestamp": "2026-03-12T17:00:32.113267Z", "level": "INFO", "component": "config", "message": "Settings loaded successfully", "environment": "development"}
{"timestamp": "2026-03-12T17:00:32.185420Z", "level": "INFO", "component": "config", "message": "Starting critical settings validation", "environment": "development"}
{"timestamp": "2026-03-12T17:00:32.187721Z", "level": "INFO", "component": "config", "message": "Critical settings validation passed", "environment": "development"}
{"timestamp": "2026-03-12T17:00:32.190071Z", "level": "INFO", "component": "config", "message": "Generating configuration summary", "environment": "development"}
{"timestamp": "2026-03-12T17:00:32.191088Z", "level": "INFO", "component": "config", "message": "Configuration summary", "environment": "development"}
{"timestamp": "2026-03-12T17:00:32.600050Z", "level": "INFO", "component": "config", "message": "Starting critical settings validation", "environment": "development"}
{"timestamp": "2026-03-12T17:00:32.602044Z", "level": "INFO", "component": "config", "message": "Critical settings validation passed", "environment": "development"}
{"timestamp": "2026-03-12T17:00:32.604053Z", "level": "INFO", "component": "config", "message": "Generating configuration summary", "environment": "development"}
{"timestamp": "2026-03-12T17:00:32.605041Z", "level": "INFO", "component": "config", "message": "Configuration summary", "environment": "development"}
{"timestamp": "2026-03-12T17:09:17.732728Z", "level": "INFO", "component": "config", "message": "Initializing application settings", "environment": "development"}
{"timestamp": "2026-03-12T17:09:17.744837Z", "level": "INFO", "component": "config", "message": "Environment validated", "environment": "development"}
{"timestamp": "2026-03-12T17:09:17.746856Z", "level": "INFO", "component": "config", "message": "Database URL validated", "environment": "development"}
{"timestamp": "2026-03-12T17:09:17.748851Z", "level": "INFO", "component": "config", "message": "Embedding dimension validated", "environment": "development"}
{"timestamp": "2026-03-12T17:09:17.751395Z", "level": "INFO", "component": "config", "message": "TTS configuration validated", "environment": "development"}
{"timestamp": "2026-03-12T17:09:17.752818Z", "level": "INFO", "component": "config", "message": "Settings loaded successfully", "environment": "development"}
{"timestamp": "2026-03-12T17:09:19.041278Z", "level": "INFO", "component": "config", "message": "Initializing application settings", "environment": "development"}
{"timestamp": "2026-03-12T17:09:19.058760Z", "level": "INFO", "component": "config", "message": "Environment validated", "environment": "development"}
{"timestamp": "2026-03-12T17:09:19.062302Z", "level": "INFO", "component": "config", "message": "Database URL validated", "environment": "development"}
{"timestamp": "2026-03-12T17:09:19.064558Z", "level": "INFO", "component": "config", "message": "Embedding dimension validated", "environment": "development"}
{"timestamp": "2026-03-12T17:09:19.067573Z", "level": "INFO", "component": "config", "message": "TTS configuration validated", "environment": "development"}
{"timestamp": "2026-03-12T17:09:19.069592Z", "level": "INFO", "component": "config", "message": "Settings loaded successfully", "environment": "development"}
{"timestamp": "2026-03-12T17:09:21.096677Z", "level": "INFO", "component": "config", "message": "Initializing application settings", "environment": "development"}
{"timestamp": "2026-03-12T17:09:21.108200Z", "level": "INFO", "component": "config", "message": "Environment validated", "environment": "development"}
{"timestamp": "2026-03-12T17:09:21.114749Z", "level": "INFO", "component": "config", "message": "Database URL validated", "environment": "development"}
{"timestamp": "2026-03-12T17:09:21.118762Z", "level": "INFO", "component": "config", "message": "Embedding dimension validated", "environment": "development"}
{"timestamp": "2026-03-12T17:09:21.122319Z", "level": "INFO", "component": "config", "message": "TTS configuration validated", "environment": "development"}
{"timestamp": "2026-03-12T17:09:21.123830Z", "level": "INFO", "component": "config", "message": "Settings loaded successfully", "environment": "development"}
{"timestamp": "2026-03-12T17:09:21.183585Z", "level": "INFO", "component": "config", "message": "Starting critical settings validation", "environment": "development"}
{"timestamp": "2026-03-12T17:09:21.185601Z", "level": "INFO", "component": "config", "message": "Critical settings validation passed", "environment": "development"}
{"timestamp": "2026-03-12T17:09:21.186604Z", "level": "INFO", "component": "config", "message": "Generating configuration summary", "environment": "development"}
{"timestamp": "2026-03-12T17:09:21.189155Z", "level": "INFO", "component": "config", "message": "Configuration summary", "environment": "development"}
{"timestamp": "2026-03-12T17:09:21.759474Z", "level": "INFO", "component": "config", "message": "Starting critical settings validation", "environment": "development"}
{"timestamp": "2026-03-12T17:09:21.762013Z", "level": "INFO", "component": "config", "message": "Critical settings validation passed", "environment": "development"}
{"timestamp": "2026-03-12T17:09:21.766532Z", "level": "INFO", "component": "config", "message": "Generating configuration summary", "environment": "development"}
{"timestamp": "2026-03-12T17:09:21.768529Z", "level": "INFO", "component": "config", "message": "Configuration summary", "environment": "development"}
{"timestamp": "2026-03-12T17:09:22.403942Z", "level": "INFO", "component": "config", "message": "Initializing application settings", "environment": "development"}
{"timestamp": "2026-03-12T17:09:22.420347Z", "level": "INFO", "component": "config", "message": "Environment validated", "environment": "development"}
{"timestamp": "2026-03-12T17:09:22.424892Z", "level": "INFO", "component": "config", "message": "Database URL validated", "environment": "development"}
{"timestamp": "2026-03-12T17:09:22.428905Z", "level": "INFO", "component": "config", "message": "Embedding dimension validated", "environment": "development"}
{"timestamp": "2026-03-12T17:09:22.431426Z", "level": "INFO", "component": "config", "message": "TTS configuration validated", "environment": "development"}
{"timestamp": "2026-03-12T17:09:22.433964Z", "level": "INFO", "component": "config", "message": "Settings loaded successfully", "environment": "development"}
{"timestamp": "2026-03-12T17:09:22.487132Z", "level": "INFO", "component": "config", "message": "Starting critical settings validation", "environment": "development"}
{"timestamp": "2026-03-12T17:09:22.489137Z", "level": "INFO", "component": "config", "message": "Critical settings validation passed", "environment": "development"}
{"timestamp": "2026-03-12T17:09:22.491134Z", "level": "INFO", "component": "config", "message": "Generating configuration summary", "environment": "development"}
{"timestamp": "2026-03-12T17:09:22.492151Z", "level": "INFO", "component": "config", "message": "Configuration summary", "environment": "development"}
{"timestamp": "2026-03-12T17:09:45.965649Z", "level": "INFO", "component": "config", "message": "Initializing application settings", "environment": "development"}
{"timestamp": "2026-03-12T17:09:45.984459Z", "level": "INFO", "component": "config", "message": "Environment validated", "environment": "development"}
{"timestamp": "2026-03-12T17:09:45.997899Z", "level": "INFO", "component": "config", "message": "Database URL validated", "environment": "development"}
{"timestamp": "2026-03-12T17:09:46.009292Z", "level": "INFO", "component": "config", "message": "Embedding dimension validated", "environment": "development"}
{"timestamp": "2026-03-12T17:09:46.015845Z", "level": "INFO", "component": "config", "message": "TTS configuration validated", "environment": "development"}
{"timestamp": "2026-03-12T17:09:46.021364Z", "level": "INFO", "component": "config", "message": "Settings loaded successfully", "environment": "development"}
{"timestamp": "2026-03-12T17:09:47.421336Z", "level": "INFO", "component": "config", "message": "Initializing application settings", "environment": "development"}
{"timestamp": "2026-03-12T17:09:47.433018Z", "level": "INFO", "component": "config", "message": "Environment validated", "environment": "development"}
{"timestamp": "2026-03-12T17:09:47.438915Z", "level": "INFO", "component": "config", "message": "Database URL validated", "environment": "development"}
{"timestamp": "2026-03-12T17:09:47.445991Z", "level": "INFO", "component": "config", "message": "Embedding dimension validated", "environment": "development"}
{"timestamp": "2026-03-12T17:09:47.447994Z", "level": "INFO", "component": "config", "message": "TTS configuration validated", "environment": "development"}
{"timestamp": "2026-03-12T17:09:47.455035Z", "level": "INFO", "component": "config", "message": "Settings loaded successfully", "environment": "development"}
{"timestamp": "2026-03-12T17:11:51.700772Z", "level": "INFO", "component": "config", "message": "Initializing application settings", "environment": "development"}
{"timestamp": "2026-03-12T17:11:51.715409Z", "level": "INFO", "component": "config", "message": "Environment validated", "environment": "development"}
{"timestamp": "2026-03-12T17:11:51.718594Z", "level": "INFO", "component": "config", "message": "Database URL validated", "environment": "development"}
{"timestamp": "2026-03-12T17:11:51.721609Z", "level": "INFO", "component": "config", "message": "Embedding dimension validated", "environment": "development"}
{"timestamp": "2026-03-12T17:11:51.724171Z", "level": "INFO", "component": "config", "message": "TTS configuration validated", "environment": "development"}
{"timestamp": "2026-03-12T17:11:51.726141Z", "level": "INFO", "component": "config", "message": "Settings loaded successfully", "environment": "development"}
{"timestamp": "2026-03-12T17:11:52.352415Z", "level": "INFO", "component": "config", "message": "Initializing application settings", "environment": "development"}
{"timestamp": "2026-03-12T17:11:52.367441Z", "level": "INFO", "component": "config", "message": "Environment validated", "environment": "development"}
{"timestamp": "2026-03-12T17:11:52.368975Z", "level": "INFO", "component": "config", "message": "Database URL validated", "environment": "development"}
{"timestamp": "2026-03-12T17:11:52.370550Z", "level": "INFO", "component": "config", "message": "Embedding dimension validated", "environment": "development"}
{"timestamp": "2026-03-12T17:11:52.373083Z", "level": "INFO", "component": "config", "message": "TTS configuration validated", "environment": "development"}
{"timestamp": "2026-03-12T17:11:52.375115Z", "level": "INFO", "component": "config", "message": "Settings loaded successfully", "environment": "development"}
{"timestamp": "2026-03-12T17:11:54.899105Z", "level": "INFO", "component": "config", "message": "Initializing application settings", "environment": "development"}
{"timestamp": "2026-03-12T17:11:54.916761Z", "level": "INFO", "component": "config", "message": "Environment validated", "environment": "development"}
{"timestamp": "2026-03-12T17:11:54.923305Z", "level": "INFO", "component": "config", "message": "Database URL validated", "environment": "development"}
{"timestamp": "2026-03-12T17:11:54.926794Z", "level": "INFO", "component": "config", "message": "Embedding dimension validated", "environment": "development"}
{"timestamp": "2026-03-12T17:11:54.928795Z", "level": "INFO", "component": "config", "message": "TTS configuration validated", "environment": "development"}
{"timestamp": "2026-03-12T17:11:54.930795Z", "level": "INFO", "component": "config", "message": "Settings loaded successfully", "environment": "development"}
{"timestamp": "2026-03-12T17:11:54.983233Z", "level": "INFO", "component": "config", "message": "Starting critical settings validation", "environment": "development"}
{"timestamp": "2026-03-12T17:11:54.986766Z", "level": "INFO", "component": "config", "message": "Critical settings validation passed", "environment": "development"}
{"timestamp": "2026-03-12T17:11:54.989796Z", "level": "INFO", "component": "config", "message": "Generating configuration summary", "environment": "development"}
{"timestamp": "2026-03-12T17:11:54.993311Z", "level": "INFO", "component": "config", "message": "Configuration summary", "environment": "development"}
{"timestamp": "2026-03-12T17:11:55.494824Z", "level": "INFO", "component": "config", "message": "Starting critical settings validation", "environment": "development"}
{"timestamp": "2026-03-12T17:11:55.498536Z", "level": "INFO", "component": "config", "message": "Critical settings validation passed", "environment": "development"}
{"timestamp": "2026-03-12T17:11:55.508625Z", "level": "INFO", "component": "config", "message": "Generating configuration summary", "environment": "development"}
{"timestamp": "2026-03-12T17:11:55.512640Z", "level": "INFO", "component": "config", "message": "Configuration summary", "environment": "development"}
{"timestamp": "2026-03-12T17:11:55.657249Z", "level": "INFO", "component": "config", "message": "Initializing application settings", "environment": "development"}
{"timestamp": "2026-03-12T17:11:55.667810Z", "level": "INFO", "component": "config", "message": "Environment validated", "environment": "development"}
{"timestamp": "2026-03-12T17:11:55.671838Z", "level": "INFO", "component": "config", "message": "Database URL validated", "environment": "development"}
{"timestamp": "2026-03-12T17:11:55.673882Z", "level": "INFO", "component": "config", "message": "Embedding dimension validated", "environment": "development"}
{"timestamp": "2026-03-12T17:11:55.680405Z", "level": "INFO", "component": "config", "message": "TTS configuration validated", "environment": "development"}
{"timestamp": "2026-03-12T17:11:55.682949Z", "level": "INFO", "component": "config", "message": "Settings loaded successfully", "environment": "development"}
{"timestamp": "2026-03-12T17:11:55.824523Z", "level": "INFO", "component": "config", "message": "Starting critical settings validation", "environment": "development"}
{"timestamp": "2026-03-12T17:11:55.827539Z", "level": "INFO", "component": "config", "message": "Critical settings validation passed", "environment": "development"}
{"timestamp": "2026-03-12T17:11:55.831690Z", "level": "INFO", "component": "config", "message": "Generating configuration summary", "environment": "development"}
{"timestamp": "2026-03-12T17:11:55.834309Z", "level": "INFO", "component": "config", "message": "Configuration summary", "environment": "development"}
{"timestamp": "2026-03-12T17:12:14.327619Z", "level": "INFO", "component": "config", "message": "Initializing application settings", "environment": "development"}
{"timestamp": "2026-03-12T17:12:14.340876Z", "level": "INFO", "component": "config", "message": "Environment validated", "environment": "development"}
{"timestamp": "2026-03-12T17:12:14.343422Z", "level": "INFO", "component": "config", "message": "Database URL validated", "environment": "development"}
{"timestamp": "2026-03-12T17:12:14.345406Z", "level": "INFO", "component": "config", "message": "Embedding dimension validated", "environment": "development"}
{"timestamp": "2026-03-12T17:12:14.346915Z", "level": "INFO", "component": "config", "message": "TTS configuration validated", "environment": "development"}
{"timestamp": "2026-03-12T17:12:14.348931Z", "level": "INFO", "component": "config", "message": "Settings loaded successfully", "environment": "development"}
{"timestamp": "2026-03-12T17:12:15.657876Z", "level": "INFO", "component": "config", "message": "Initializing application settings", "environment": "development"}
{"timestamp": "2026-03-12T17:12:15.666968Z", "level": "INFO", "component": "config", "message": "Environment validated", "environment": "development"}
{"timestamp": "2026-03-12T17:12:15.677900Z", "level": "INFO", "component": "config", "message": "Database URL validated", "environment": "development"}
{"timestamp": "2026-03-12T17:12:15.713598Z", "level": "INFO", "component": "config", "message": "Embedding dimension validated", "environment": "development"}
{"timestamp": "2026-03-12T17:12:15.715618Z", "level": "INFO", "component": "config", "message": "TTS configuration validated", "environment": "development"}
{"timestamp": "2026-03-12T17:12:15.717618Z", "level": "INFO", "component": "config", "message": "Settings loaded successfully", "environment": "development"}
{"timestamp": "2026-03-12T17:13:14.649286Z", "level": "INFO", "component": "config", "message": "Initializing application settings", "environment": "development"}
{"timestamp": "2026-03-12T17:13:14.662156Z", "level": "INFO", "component": "config", "message": "Environment validated", "environment": "development"}
{"timestamp": "2026-03-12T17:13:14.665410Z", "level": "INFO", "component": "config", "message": "Database URL validated", "environment": "development"}
{"timestamp": "2026-03-12T17:13:14.667409Z", "level": "INFO", "component": "config", "message": "Embedding dimension validated", "environment": "development"}
{"timestamp": "2026-03-12T17:13:14.668409Z", "level": "INFO", "component": "config", "message": "TTS configuration validated", "environment": "development"}
{"timestamp": "2026-03-12T17:13:14.671573Z", "level": "INFO", "component": "config", "message": "Settings loaded successfully", "environment": "development"}
{"timestamp": "2026-03-12T17:13:15.240365Z", "level": "INFO", "component": "config", "message": "Initializing application settings", "environment": "development"}
{"timestamp": "2026-03-12T17:13:15.255109Z", "level": "INFO", "component": "config", "message": "Environment validated", "environment": "development"}
{"timestamp": "2026-03-12T17:13:15.257597Z", "level": "INFO", "component": "config", "message": "Database URL validated", "environment": "development"}
{"timestamp": "2026-03-12T17:13:15.260688Z", "level": "INFO", "component": "config", "message": "Embedding dimension validated", "environment": "development"}
{"timestamp": "2026-03-12T17:13:15.263295Z", "level": "INFO", "component": "config", "message": "TTS configuration validated", "environment": "development"}
{"timestamp": "2026-03-12T17:13:15.264295Z", "level": "INFO", "component": "config", "message": "Settings loaded successfully", "environment": "development"}
{"timestamp": "2026-03-12T17:13:18.019490Z", "level": "INFO", "component": "config", "message": "Initializing application settings", "environment": "development"}
{"timestamp": "2026-03-12T17:13:18.033813Z", "level": "INFO", "component": "config", "message": "Environment validated", "environment": "development"}
{"timestamp": "2026-03-12T17:13:18.040485Z", "level": "INFO", "component": "config", "message": "Database URL validated", "environment": "development"}
{"timestamp": "2026-03-12T17:13:18.043066Z", "level": "INFO", "component": "config", "message": "Embedding dimension validated", "environment": "development"}
{"timestamp": "2026-03-12T17:13:18.046716Z", "level": "INFO", "component": "config", "message": "TTS configuration validated", "environment": "development"}
{"timestamp": "2026-03-12T17:13:18.048336Z", "level": "INFO", "component": "config", "message": "Settings loaded successfully", "environment": "development"}
{"timestamp": "2026-03-12T17:13:18.105339Z", "level": "INFO", "component": "config", "message": "Starting critical settings validation", "environment": "development"}
{"timestamp": "2026-03-12T17:13:18.107342Z", "level": "INFO", "component": "config", "message": "Critical settings validation passed", "environment": "development"}
{"timestamp": "2026-03-12T17:13:18.108342Z", "level": "INFO", "component": "config", "message": "Generating configuration summary", "environment": "development"}
{"timestamp": "2026-03-12T17:13:18.110350Z", "level": "INFO", "component": "config", "message": "Configuration summary", "environment": "development"}
{"timestamp": "2026-03-12T17:13:18.663001Z", "level": "INFO", "component": "config", "message": "Initializing application settings", "environment": "development"}
{"timestamp": "2026-03-12T17:13:18.679390Z", "level": "INFO", "component": "config", "message": "Environment validated", "environment": "development"}
{"timestamp": "2026-03-12T17:13:18.682993Z", "level": "INFO", "component": "config", "message": "Database URL validated", "environment": "development"}
{"timestamp": "2026-03-12T17:13:18.687727Z", "level": "INFO", "component": "config", "message": "Embedding dimension validated", "environment": "development"}
{"timestamp": "2026-03-12T17:13:18.690314Z", "level": "INFO", "component": "config", "message": "TTS configuration validated", "environment": "development"}
{"timestamp": "2026-03-12T17:13:18.693131Z", "level": "INFO", "component": "config", "message": "Settings loaded successfully", "environment": "development"}
{"timestamp": "2026-03-12T17:13:18.734099Z", "level": "INFO", "component": "config", "message": "Starting critical settings validation", "environment": "development"}
{"timestamp": "2026-03-12T17:13:18.736421Z", "level": "INFO", "component": "config", "message": "Critical settings validation passed", "environment": "development"}
{"timestamp": "2026-03-12T17:13:18.737499Z", "level": "INFO", "component": "config", "message": "Generating configuration summary", "environment": "development"}
{"timestamp": "2026-03-12T17:13:18.740513Z", "level": "INFO", "component": "config", "message": "Configuration summary", "environment": "development"}
{"timestamp": "2026-03-12T17:13:18.754852Z", "level": "INFO", "component": "config", "message": "Starting critical settings validation", "environment": "development"}
{"timestamp": "2026-03-12T17:13:18.757846Z", "level": "INFO", "component": "config", "message": "Critical settings validation passed", "environment": "development"}
{"timestamp": "2026-03-12T17:13:18.763184Z", "level": "INFO", "component": "config", "message": "Generating configuration summary", "environment": "development"}
{"timestamp": "2026-03-12T17:13:18.765189Z", "level": "INFO", "component": "config", "message": "Configuration summary", "environment": "development"}
{"timestamp": "2026-03-12T17:13:20.948075Z", "level": "INFO", "component": "config", "message": "Initializing application settings", "environment": "development"}
{"timestamp": "2026-03-12T17:13:20.962678Z", "level": "INFO", "component": "config", "message": "Environment validated", "environment": "development"}
{"timestamp": "2026-03-12T17:13:20.972242Z", "level": "INFO", "component": "config", "message": "Database URL validated", "environment": "development"}
{"timestamp": "2026-03-12T17:13:20.987020Z", "level": "INFO", "component": "config", "message": "Embedding dimension validated", "environment": "development"}
{"timestamp": "2026-03-12T17:13:20.995867Z", "level": "INFO", "component": "config", "message": "TTS configuration validated", "environment": "development"}
{"timestamp": "2026-03-12T17:13:21.000491Z", "level": "INFO", "component": "config", "message": "Settings loaded successfully", "environment": "development"}
{"timestamp": "2026-03-12T17:13:22.352659Z", "level": "INFO", "component": "config", "message": "Initializing application settings", "environment": "development"}
{"timestamp": "2026-03-12T17:13:22.378841Z", "level": "INFO", "component": "config", "message": "Environment validated", "environment": "development"}
{"timestamp": "2026-03-12T17:13:22.385330Z", "level": "INFO", "component": "config", "message": "Database URL validated", "environment": "development"}
{"timestamp": "2026-03-12T17:13:22.420548Z", "level": "INFO", "component": "config", "message": "Embedding dimension validated", "environment": "development"}
{"timestamp": "2026-03-12T17:13:22.437140Z", "level": "INFO", "component": "config", "message": "TTS configuration validated", "environment": "development"}
{"timestamp": "2026-03-12T17:13:22.446572Z", "level": "INFO", "component": "config", "message": "Settings loaded successfully", "environment": "development"}
{"timestamp": "2026-03-12T17:13:37.161589Z", "level": "INFO", "component": "config", "message": "Initializing application settings", "environment": "development"}
{"timestamp": "2026-03-12T17:13:37.284963Z", "level": "INFO", "component": "config", "message": "Environment validated", "environment": "development"}
{"timestamp": "2026-03-12T17:13:37.343639Z", "level": "INFO", "component": "config", "message": "Database URL validated", "environment": "development"}
{"timestamp": "2026-03-12T17:13:37.537149Z", "level": "INFO", "component": "config", "message": "Embedding dimension validated", "environment": "development"}
{"timestamp": "2026-03-12T17:13:37.715303Z", "level": "INFO", "component": "config", "message": "TTS configuration validated", "environment": "development"}
{"timestamp": "2026-03-12T17:13:37.719306Z", "level": "INFO", "component": "config", "message": "Settings loaded successfully", "environment": "development"}
{"timestamp": "2026-03-12T17:13:43.185337Z", "level": "INFO", "component": "config", "message": "Initializing application settings", "environment": "development"}
{"timestamp": "2026-03-12T17:13:43.314500Z", "level": "INFO", "component": "config", "message": "Environment validated", "environment": "development"}
{"timestamp": "2026-03-12T17:13:43.318522Z", "level": "INFO", "component": "config", "message": "Database URL validated", "environment": "development"}
{"timestamp": "2026-03-12T17:13:43.320517Z", "level": "INFO", "component": "config", "message": "Embedding dimension validated", "environment": "development"}
{"timestamp": "2026-03-12T17:13:43.323516Z", "level": "INFO", "component": "config", "message": "TTS configuration validated", "environment": "development"}
{"timestamp": "2026-03-12T17:13:43.329535Z", "level": "INFO", "component": "config", "message": "Settings loaded successfully", "environment": "development"}
{"timestamp": "2026-03-12T17:17:28.430651Z", "level": "INFO", "component": "config", "message": "Initializing application settings", "environment": "development"}
{"timestamp": "2026-03-12T17:17:28.442807Z", "level": "INFO", "component": "config", "message": "Environment validated", "environment": "development"}
{"timestamp": "2026-03-12T17:17:28.445852Z", "level": "INFO", "component": "config", "message": "Database URL validated", "environment": "development"}
{"timestamp": "2026-03-12T17:17:28.449888Z", "level": "INFO", "component": "config", "message": "Embedding dimension validated", "environment": "development"}
{"timestamp": "2026-03-12T17:17:28.452890Z", "level": "INFO", "component": "config", "message": "TTS configuration validated", "environment": "development"}
{"timestamp": "2026-03-12T17:17:28.455402Z", "level": "INFO", "component": "config", "message": "Settings loaded successfully", "environment": "development"}
{"timestamp": "2026-03-12T17:17:29.046732Z", "level": "INFO", "component": "config", "message": "Initializing application settings", "environment": "development"}
{"timestamp": "2026-03-12T17:17:29.061930Z", "level": "INFO", "component": "config", "message": "Environment validated", "environment": "development"}
{"timestamp": "2026-03-12T17:17:29.063952Z", "level": "INFO", "component": "config", "message": "Database URL validated", "environment": "development"}
{"timestamp": "2026-03-12T17:17:29.066484Z", "level": "INFO", "component": "config", "message": "Embedding dimension validated", "environment": "development"}
{"timestamp": "2026-03-12T17:17:29.069479Z", "level": "INFO", "component": "config", "message": "TTS configuration validated", "environment": "development"}
{"timestamp": "2026-03-12T17:17:29.071479Z", "level": "INFO", "component": "config", "message": "Settings loaded successfully", "environment": "development"}
{"timestamp": "2026-03-12T17:17:31.250289Z", "level": "INFO", "component": "config", "message": "Initializing application settings", "environment": "development"}
{"timestamp": "2026-03-12T17:17:31.262385Z", "level": "INFO", "component": "config", "message": "Environment validated", "environment": "development"}
{"timestamp": "2026-03-12T17:17:31.264389Z", "level": "INFO", "component": "config", "message": "Database URL validated", "environment": "development"}
{"timestamp": "2026-03-12T17:17:31.267918Z", "level": "INFO", "component": "config", "message": "Embedding dimension validated", "environment": "development"}
{"timestamp": "2026-03-12T17:17:31.269934Z", "level": "INFO", "component": "config", "message": "TTS configuration validated", "environment": "development"}
{"timestamp": "2026-03-12T17:17:31.273933Z", "level": "INFO", "component": "config", "message": "Settings loaded successfully", "environment": "development"}
{"timestamp": "2026-03-12T17:17:31.322153Z", "level": "INFO", "component": "config", "message": "Starting critical settings validation", "environment": "development"}
{"timestamp": "2026-03-12T17:17:31.324156Z", "level": "INFO", "component": "config", "message": "Critical settings validation passed", "environment": "development"}
{"timestamp": "2026-03-12T17:17:31.325682Z", "level": "INFO", "component": "config", "message": "Generating configuration summary", "environment": "development"}
{"timestamp": "2026-03-12T17:17:31.327713Z", "level": "INFO", "component": "config", "message": "Configuration summary", "environment": "development"}
{"timestamp": "2026-03-12T17:17:31.927381Z", "level": "INFO", "component": "config", "message": "Starting critical settings validation", "environment": "development"}
{"timestamp": "2026-03-12T17:17:31.928358Z", "level": "INFO", "component": "config", "message": "Critical settings validation passed", "environment": "development"}
{"timestamp": "2026-03-12T17:17:31.930360Z", "level": "INFO", "component": "config", "message": "Generating configuration summary", "environment": "development"}
{"timestamp": "2026-03-12T17:17:31.931359Z", "level": "INFO", "component": "config", "message": "Configuration summary", "environment": "development"}
{"timestamp": "2026-03-12T17:17:31.970615Z", "level": "INFO", "component": "config", "message": "Initializing application settings", "environment": "development"}
{"timestamp": "2026-03-12T17:17:31.982773Z", "level": "INFO", "component": "config", "message": "Environment validated", "environment": "development"}
{"timestamp": "2026-03-12T17:17:31.983774Z", "level": "INFO", "component": "config", "message": "Database URL validated", "environment": "development"}
{"timestamp": "2026-03-12T17:17:31.992759Z", "level": "INFO", "component": "config", "message": "Embedding dimension validated", "environment": "development"}
{"timestamp": "2026-03-12T17:17:31.995278Z", "level": "INFO", "component": "config", "message": "TTS configuration validated", "environment": "development"}
{"timestamp": "2026-03-12T17:17:31.998332Z", "level": "INFO", "component": "config", "message": "Settings loaded successfully", "environment": "development"}
{"timestamp": "2026-03-12T17:17:32.064424Z", "level": "INFO", "component": "config", "message": "Starting critical settings validation", "environment": "development"}
{"timestamp": "2026-03-12T17:17:32.070026Z", "level": "INFO", "component": "config", "message": "Critical settings validation passed", "environment": "development"}
{"timestamp": "2026-03-12T17:17:32.072539Z", "level": "INFO", "component": "config", "message": "Generating configuration summary", "environment": "development"}
{"timestamp": "2026-03-12T17:17:32.073542Z", "level": "INFO", "component": "config", "message": "Configuration summary", "environment": "development"}
{"timestamp": "2026-03-12T17:17:45.700977Z", "level": "INFO", "component": "config", "message": "Initializing application settings", "environment": "development"}
{"timestamp": "2026-03-12T17:17:47.073224Z", "level": "INFO", "component": "config", "message": "Environment validated", "environment": "development"}
{"timestamp": "2026-03-12T17:17:47.193561Z", "level": "INFO", "component": "config", "message": "Database URL validated", "environment": "development"}
{"timestamp": "2026-03-12T17:17:47.209481Z", "level": "INFO", "component": "config", "message": "Embedding dimension validated", "environment": "development"}
{"timestamp": "2026-03-12T17:17:47.230092Z", "level": "INFO", "component": "config", "message": "TTS configuration validated", "environment": "development"}
{"timestamp": "2026-03-12T17:17:47.332002Z", "level": "INFO", "component": "config", "message": "Settings loaded successfully", "environment": "development"}
{"timestamp": "2026-03-12T17:17:49.439872Z", "level": "INFO", "component": "config", "message": "Initializing application settings", "environment": "development"}
{"timestamp": "2026-03-12T17:17:49.458946Z", "level": "INFO", "component": "config", "message": "Environment validated", "environment": "development"}
{"timestamp": "2026-03-12T17:17:49.461950Z", "level": "INFO", "component": "config", "message": "Database URL validated", "environment": "development"}
{"timestamp": "2026-03-12T17:17:49.474600Z", "level": "INFO", "component": "config", "message": "Embedding dimension validated", "environment": "development"}
{"timestamp": "2026-03-12T17:17:49.480143Z", "level": "INFO", "component": "config", "message": "TTS configuration validated", "environment": "development"}
{"timestamp": "2026-03-12T17:17:49.481143Z", "level": "INFO", "component": "config", "message": "Settings loaded successfully", "environment": "development"}
{"timestamp": "2026-03-12T17:18:06.771773Z", "level": "INFO", "component": "config", "message": "Initializing application settings", "environment": "development"}
{"timestamp": "2026-03-12T17:18:06.805346Z", "level": "INFO", "component": "config", "message": "Environment validated", "environment": "development"}
{"timestamp": "2026-03-12T17:18:06.808391Z", "level": "INFO", "component": "config", "message": "Database URL validated", "environment": "development"}
{"timestamp": "2026-03-12T17:18:06.812389Z", "level": "INFO", "component": "config", "message": "Embedding dimension validated", "environment": "development"}
{"timestamp": "2026-03-12T17:18:06.820203Z", "level": "INFO", "component": "config", "message": "TTS configuration validated", "environment": "development"}
{"timestamp": "2026-03-12T17:18:07.060243Z", "level": "INFO", "component": "config", "message": "Settings loaded successfully", "environment": "development"}
{"timestamp": "2026-03-12T17:18:11.640704Z", "level": "INFO", "component": "config", "message": "Initializing application settings", "environment": "development"}
{"timestamp": "2026-03-12T17:18:12.178021Z", "level": "INFO", "component": "config", "message": "Environment validated", "environment": "development"}
{"timestamp": "2026-03-12T17:18:12.214157Z", "level": "INFO", "component": "config", "message": "Database URL validated", "environment": "development"}
{"timestamp": "2026-03-12T17:18:12.229488Z", "level": "INFO", "component": "config", "message": "Embedding dimension validated", "environment": "development"}
{"timestamp": "2026-03-12T17:18:12.248233Z", "level": "INFO", "component": "config", "message": "TTS configuration validated", "environment": "development"}
{"timestamp": "2026-03-12T17:18:12.293695Z", "level": "INFO", "component": "config", "message": "Settings loaded successfully", "environment": "development"}
{"timestamp": "2026-03-12T17:33:22.461805Z", "level": "INFO", "component": "config", "message": "Initializing application settings", "environment": "development"}
{"timestamp": "2026-03-12T17:33:22.477881Z", "level": "INFO", "component": "config", "message": "Environment validated", "environment": "development"}
{"timestamp": "2026-03-12T17:33:22.479880Z", "level": "INFO", "component": "config", "message": "Database URL validated", "environment": "development"}
{"timestamp": "2026-03-12T17:33:22.481879Z", "level": "INFO", "component": "config", "message": "Embedding dimension validated", "environment": "development"}
{"timestamp": "2026-03-12T17:33:22.483895Z", "level": "INFO", "component": "config", "message": "TTS configuration validated", "environment": "development"}
{"timestamp": "2026-03-12T17:33:22.484879Z", "level": "INFO", "component": "config", "message": "Settings loaded successfully", "environment": "development"}
{"timestamp": "2026-03-12T17:33:22.941142Z", "level": "INFO", "component": "config", "message": "Initializing application settings", "environment": "development"}
{"timestamp": "2026-03-12T17:33:22.960382Z", "level": "INFO", "component": "config", "message": "Environment validated", "environment": "development"}
{"timestamp": "2026-03-12T17:33:22.963896Z", "level": "INFO", "component": "config", "message": "Database URL validated", "environment": "development"}
{"timestamp": "2026-03-12T17:33:22.965912Z", "level": "INFO", "component": "config", "message": "Embedding dimension validated", "environment": "development"}
{"timestamp": "2026-03-12T17:33:22.967911Z", "level": "INFO", "component": "config", "message": "TTS configuration validated", "environment": "development"}
{"timestamp": "2026-03-12T17:33:22.968916Z", "level": "INFO", "component": "config", "message": "Settings loaded successfully", "environment": "development"}
{"timestamp": "2026-03-12T17:33:37.466411Z", "level": "INFO", "component": "config", "message": "Initializing application settings", "environment": "development"}
{"timestamp": "2026-03-12T17:33:37.495533Z", "level": "INFO", "component": "config", "message": "Environment validated", "environment": "development"}
{"timestamp": "2026-03-12T17:33:37.497550Z", "level": "INFO", "component": "config", "message": "Database URL validated", "environment": "development"}
{"timestamp": "2026-03-12T17:33:37.500567Z", "level": "INFO", "component": "config", "message": "Embedding dimension validated", "environment": "development"}
{"timestamp": "2026-03-12T17:33:37.510550Z", "level": "INFO", "component": "config", "message": "TTS configuration validated", "environment": "development"}
{"timestamp": "2026-03-12T17:33:37.513084Z", "level": "INFO", "component": "config", "message": "Settings loaded successfully", "environment": "development"}
{"timestamp": "2026-03-12T17:33:37.582718Z", "level": "INFO", "component": "config", "message": "Starting critical settings validation", "environment": "development"}
{"timestamp": "2026-03-12T17:33:37.584718Z", "level": "INFO", "component": "config", "message": "Critical settings validation passed", "environment": "development"}
{"timestamp": "2026-03-12T17:33:37.586715Z", "level": "INFO", "component": "config", "message": "Generating configuration summary", "environment": "development"}
{"timestamp": "2026-03-12T17:33:37.588712Z", "level": "INFO", "component": "config", "message": "Configuration summary", "environment": "development"}
{"timestamp": "2026-03-12T17:33:37.858407Z", "level": "INFO", "component": "config", "message": "Initializing application settings", "environment": "development"}
{"timestamp": "2026-03-12T17:33:37.877885Z", "level": "INFO", "component": "config", "message": "Environment validated", "environment": "development"}
{"timestamp": "2026-03-12T17:33:37.879885Z", "level": "INFO", "component": "config", "message": "Database URL validated", "environment": "development"}
{"timestamp": "2026-03-12T17:33:37.883415Z", "level": "INFO", "component": "config", "message": "Embedding dimension validated", "environment": "development"}
{"timestamp": "2026-03-12T17:33:37.890969Z", "level": "INFO", "component": "config", "message": "TTS configuration validated", "environment": "development"}
{"timestamp": "2026-03-12T17:33:37.893987Z", "level": "INFO", "component": "config", "message": "Settings loaded successfully", "environment": "development"}
{"timestamp": "2026-03-12T17:33:37.960128Z", "level": "INFO", "component": "config", "message": "Starting critical settings validation", "environment": "development"}
{"timestamp": "2026-03-12T17:33:37.962131Z", "level": "INFO", "component": "config", "message": "Critical settings validation passed", "environment": "development"}
{"timestamp": "2026-03-12T17:33:37.965131Z", "level": "INFO", "component": "config", "message": "Generating configuration summary", "environment": "development"}
{"timestamp": "2026-03-12T17:33:37.968128Z", "level": "INFO", "component": "config", "message": "Configuration summary", "environment": "development"}
{"timestamp": "2026-03-12T17:33:38.178791Z", "level": "INFO", "component": "config", "message": "Starting critical settings validation", "environment": "development"}
{"timestamp": "2026-03-12T17:33:38.180793Z", "level": "INFO", "component": "config", "message": "Critical settings validation passed", "environment": "development"}
{"timestamp": "2026-03-12T17:33:38.182310Z", "level": "INFO", "component": "config", "message": "Generating configuration summary", "environment": "development"}
{"timestamp": "2026-03-12T17:33:38.184330Z", "level": "INFO", "component": "config", "message": "Configuration summary", "environment": "development"}
{"timestamp": "2026-03-12T17:33:54.345066Z", "level": "INFO", "component": "config", "message": "Initializing application settings", "environment": "development"}
{"timestamp": "2026-03-12T17:33:54.362071Z", "level": "INFO", "component": "config", "message": "Environment validated", "environment": "development"}
{"timestamp": "2026-03-12T17:33:54.363067Z", "level": "INFO", "component": "config", "message": "Database URL validated", "environment": "development"}
{"timestamp": "2026-03-12T17:33:54.365074Z", "level": "INFO", "component": "config", "message": "Embedding dimension validated", "environment": "development"}
{"timestamp": "2026-03-12T17:33:54.369111Z", "level": "INFO", "component": "config", "message": "TTS configuration validated", "environment": "development"}
{"timestamp": "2026-03-12T17:33:54.370116Z", "level": "INFO", "component": "config", "message": "Settings loaded successfully", "environment": "development"}
{"timestamp": "2026-03-12T17:33:56.441121Z", "level": "INFO", "component": "config", "message": "Initializing application settings", "environment": "development"}
{"timestamp": "2026-03-12T17:33:56.450124Z", "level": "INFO", "component": "config", "message": "Environment validated", "environment": "development"}
{"timestamp": "2026-03-12T17:33:56.452138Z", "level": "INFO", "component": "config", "message": "Database URL validated", "environment": "development"}
{"timestamp": "2026-03-12T17:33:56.455137Z", "level": "INFO", "component": "config", "message": "Embedding dimension validated", "environment": "development"}
{"timestamp": "2026-03-12T17:33:56.461140Z", "level": "INFO", "component": "config", "message": "TTS configuration validated", "environment": "development"}
{"timestamp": "2026-03-12T17:33:56.463561Z", "level": "INFO", "component": "config", "message": "Settings loaded successfully", "environment": "development"}
{"timestamp": "2026-03-12T17:34:11.105586Z", "level": "INFO", "component": "config", "message": "Initializing application settings", "environment": "development"}
{"timestamp": "2026-03-12T17:34:11.125117Z", "level": "INFO", "component": "config", "message": "Environment validated", "environment": "development"}
{"timestamp": "2026-03-12T17:34:11.142648Z", "level": "INFO", "component": "config", "message": "Database URL validated", "environment": "development"}
{"timestamp": "2026-03-12T17:34:11.144982Z", "level": "INFO", "component": "config", "message": "Embedding dimension validated", "environment": "development"}
{"timestamp": "2026-03-12T17:34:11.149461Z", "level": "INFO", "component": "config", "message": "TTS configuration validated", "environment": "development"}
{"timestamp": "2026-03-12T17:34:11.152549Z", "level": "INFO", "component": "config", "message": "Settings loaded successfully", "environment": "development"}
{"timestamp": "2026-03-12T17:34:12.904388Z", "level": "INFO", "component": "config", "message": "Initializing application settings", "environment": "development"}
{"timestamp": "2026-03-12T17:34:12.921366Z", "level": "INFO", "component": "config", "message": "Environment validated", "environment": "development"}
{"timestamp": "2026-03-12T17:34:12.928369Z", "level": "INFO", "component": "config", "message": "Database URL validated", "environment": "development"}
{"timestamp": "2026-03-12T17:34:12.931380Z", "level": "INFO", "component": "config", "message": "Embedding dimension validated", "environment": "development"}
{"timestamp": "2026-03-12T17:34:12.933380Z", "level": "INFO", "component": "config", "message": "TTS configuration validated", "environment": "development"}
{"timestamp": "2026-03-12T17:34:12.935381Z", "level": "INFO", "component": "config", "message": "Settings loaded successfully", "environment": "development"}
{"timestamp": "2026-03-12T17:39:37.680172Z", "level": "INFO", "component": "config", "message": "Initializing application settings", "environment": "development"}
{"timestamp": "2026-03-12T17:39:37.701376Z", "level": "INFO", "component": "config", "message": "Environment validated", "environment": "development"}
{"timestamp": "2026-03-12T17:39:37.708835Z", "level": "INFO", "component": "config", "message": "Database URL validated", "environment": "development"}
{"timestamp": "2026-03-12T17:39:37.713375Z", "level": "INFO", "component": "config", "message": "Embedding dimension validated", "environment": "development"}
{"timestamp": "2026-03-12T17:39:37.715423Z", "level": "INFO", "component": "config", "message": "TTS configuration validated", "environment": "development"}
{"timestamp": "2026-03-12T17:39:37.716947Z", "level": "INFO", "component": "config", "message": "Settings loaded successfully", "environment": "development"}
{"timestamp": "2026-03-12T17:39:38.477654Z", "level": "INFO", "component": "config", "message": "Initializing application settings", "environment": "development"}
{"timestamp": "2026-03-12T17:39:38.492238Z", "level": "INFO", "component": "config", "message": "Environment validated", "environment": "development"}
{"timestamp": "2026-03-12T17:39:38.496120Z", "level": "INFO", "component": "config", "message": "Database URL validated", "environment": "development"}
{"timestamp": "2026-03-12T17:39:38.498243Z", "level": "INFO", "component": "config", "message": "Embedding dimension validated", "environment": "development"}
{"timestamp": "2026-03-12T17:39:38.501255Z", "level": "INFO", "component": "config", "message": "TTS configuration validated", "environment": "development"}
{"timestamp": "2026-03-12T17:39:38.503644Z", "level": "INFO", "component": "config", "message": "Settings loaded successfully", "environment": "development"}
{"timestamp": "2026-03-12T17:39:40.909836Z", "level": "INFO", "component": "config", "message": "Initializing application settings", "environment": "development"}
{"timestamp": "2026-03-12T17:39:40.926837Z", "level": "INFO", "component": "config", "message": "Environment validated", "environment": "development"}
{"timestamp": "2026-03-12T17:39:40.929867Z", "level": "INFO", "component": "config", "message": "Database URL validated", "environment": "development"}
{"timestamp": "2026-03-12T17:39:40.932400Z", "level": "INFO", "component": "config", "message": "Embedding dimension validated", "environment": "development"}
{"timestamp": "2026-03-12T17:39:40.934371Z", "level": "INFO", "component": "config", "message": "TTS configuration validated", "environment": "development"}
{"timestamp": "2026-03-12T17:39:40.936905Z", "level": "INFO", "component": "config", "message": "Settings loaded successfully", "environment": "development"}
{"timestamp": "2026-03-12T17:39:40.988134Z", "level": "INFO", "component": "config", "message": "Starting critical settings validation", "environment": "development"}
{"timestamp": "2026-03-12T17:39:40.990150Z", "level": "INFO", "component": "config", "message": "Critical settings validation passed", "environment": "development"}
{"timestamp": "2026-03-12T17:39:40.994661Z", "level": "INFO", "component": "config", "message": "Generating configuration summary", "environment": "development"}
{"timestamp": "2026-03-12T17:39:40.996679Z", "level": "INFO", "component": "config", "message": "Configuration summary", "environment": "development"}
{"timestamp": "2026-03-12T17:39:41.488639Z", "level": "INFO", "component": "config", "message": "Initializing application settings", "environment": "development"}
{"timestamp": "2026-03-12T17:39:41.504362Z", "level": "INFO", "component": "config", "message": "Environment validated", "environment": "development"}
{"timestamp": "2026-03-12T17:39:41.506891Z", "level": "INFO", "component": "config", "message": "Database URL validated", "environment": "development"}
{"timestamp": "2026-03-12T17:39:41.509908Z", "level": "INFO", "component": "config", "message": "Embedding dimension validated", "environment": "development"}
{"timestamp": "2026-03-12T17:39:41.513453Z", "level": "INFO", "component": "config", "message": "TTS configuration validated", "environment": "development"}
{"timestamp": "2026-03-12T17:39:41.514209Z", "level": "INFO", "component": "config", "message": "Starting critical settings validation", "environment": "development"}
{"timestamp": "2026-03-12T17:39:41.516783Z", "level": "INFO", "component": "config", "message": "Settings loaded successfully", "environment": "development"}
{"timestamp": "2026-03-12T17:39:41.516783Z", "level": "INFO", "component": "config", "message": "Critical settings validation passed", "environment": "development"}
{"timestamp": "2026-03-12T17:39:41.519789Z", "level": "INFO", "component": "config", "message": "Generating configuration summary", "environment": "development"}
{"timestamp": "2026-03-12T17:39:41.522330Z", "level": "INFO", "component": "config", "message": "Configuration summary", "environment": "development"}
{"timestamp": "2026-03-12T17:39:41.696553Z", "level": "INFO", "component": "config", "message": "Initializing application settings", "environment": "development"}
{"timestamp": "2026-03-12T17:39:41.714099Z", "level": "INFO", "component": "config", "message": "Environment validated", "environment": "development"}
{"timestamp": "2026-03-12T17:39:41.716159Z", "level": "INFO", "component": "config", "message": "Database URL validated", "environment": "development"}
{"timestamp": "2026-03-12T17:39:41.718211Z", "level": "INFO", "component": "config", "message": "Embedding dimension validated", "environment": "development"}
{"timestamp": "2026-03-12T17:39:41.721200Z", "level": "INFO", "component": "config", "message": "TTS configuration validated", "environment": "development"}
{"timestamp": "2026-03-12T17:39:41.722682Z", "level": "INFO", "component": "config", "message": "Settings loaded successfully", "environment": "development"}
{"timestamp": "2026-03-12T17:39:41.772964Z", "level": "INFO", "component": "config", "message": "Starting critical settings validation", "environment": "development"}
{"timestamp": "2026-03-12T17:39:41.774979Z", "level": "INFO", "component": "config", "message": "Critical settings validation passed", "environment": "development"}
{"timestamp": "2026-03-12T17:39:41.777512Z", "level": "INFO", "component": "config", "message": "Generating configuration summary", "environment": "development"}
{"timestamp": "2026-03-12T17:39:41.779517Z", "level": "INFO", "component": "config", "message": "Configuration summary", "environment": "development"}
{"timestamp": "2026-03-12T17:39:43.416086Z", "level": "INFO", "component": "config", "message": "Initializing application settings", "environment": "development"}
{"timestamp": "2026-03-12T17:39:43.438766Z", "level": "INFO", "component": "config", "message": "Environment validated", "environment": "development"}
{"timestamp": "2026-03-12T17:39:43.446773Z", "level": "INFO", "component": "config", "message": "Database URL validated", "environment": "development"}
{"timestamp": "2026-03-12T17:39:43.448775Z", "level": "INFO", "component": "config", "message": "Embedding dimension validated", "environment": "development"}
{"timestamp": "2026-03-12T17:39:43.453859Z", "level": "INFO", "component": "config", "message": "TTS configuration validated", "environment": "development"}
{"timestamp": "2026-03-12T17:39:43.454889Z", "level": "INFO", "component": "config", "message": "Settings loaded successfully", "environment": "development"}
{"timestamp": "2026-03-12T18:02:53.255964Z", "level": "INFO", "component": "config", "message": "Initializing application settings", "environment": "development"}
{"timestamp": "2026-03-12T18:02:53.271299Z", "level": "INFO", "component": "config", "message": "Environment validated", "environment": "development"}
{"timestamp": "2026-03-12T18:02:53.273299Z", "level": "INFO", "component": "config", "message": "Database URL validated", "environment": "development"}
{"timestamp": "2026-03-12T18:02:53.277101Z", "level": "INFO", "component": "config", "message": "Embedding dimension validated", "environment": "development"}
{"timestamp": "2026-03-12T18:02:53.287891Z", "level": "INFO", "component": "config", "message": "TTS configuration validated", "environment": "development"}
{"timestamp": "2026-03-12T18:02:53.293063Z", "level": "INFO", "component": "config", "message": "Settings loaded successfully", "environment": "development"}
{"timestamp": "2026-03-12T18:02:54.350938Z", "level": "INFO", "component": "config", "message": "Initializing application settings", "environment": "development"}
{"timestamp": "2026-03-12T18:02:54.368169Z", "level": "INFO", "component": "config", "message": "Environment validated", "environment": "development"}
{"timestamp": "2026-03-12T18:02:54.374263Z", "level": "INFO", "component": "config", "message": "Database URL validated", "environment": "development"}
{"timestamp": "2026-03-12T18:02:54.376794Z", "level": "INFO", "component": "config", "message": "Embedding dimension validated", "environment": "development"}
{"timestamp": "2026-03-12T18:02:54.377817Z", "level": "INFO", "component": "config", "message": "TTS configuration validated", "environment": "development"}
{"timestamp": "2026-03-12T18:02:54.378809Z", "level": "INFO", "component": "config", "message": "Settings loaded successfully", "environment": "development"}
{"timestamp": "2026-03-12T18:03:02.740976Z", "level": "INFO", "component": "config", "message": "Initializing application settings", "environment": "development"}
{"timestamp": "2026-03-12T18:03:02.754374Z", "level": "INFO", "component": "config", "message": "Environment validated", "environment": "development"}
{"timestamp": "2026-03-12T18:03:02.755888Z", "level": "INFO", "component": "config", "message": "Database URL validated", "environment": "development"}
{"timestamp": "2026-03-12T18:03:02.757921Z", "level": "INFO", "component": "config", "message": "Embedding dimension validated", "environment": "development"}
{"timestamp": "2026-03-12T18:03:02.758925Z", "level": "INFO", "component": "config", "message": "TTS configuration validated", "environment": "development"}
{"timestamp": "2026-03-12T18:03:02.760926Z", "level": "INFO", "component": "config", "message": "Settings loaded successfully", "environment": "development"}
{"timestamp": "2026-03-12T18:03:03.946130Z", "level": "INFO", "component": "config", "message": "Initializing application settings", "environment": "development"}
{"timestamp": "2026-03-12T18:03:03.968828Z", "level": "INFO", "component": "config", "message": "Environment validated", "environment": "development"}
{"timestamp": "2026-03-12T18:03:03.976951Z", "level": "INFO", "component": "config", "message": "Database URL validated", "environment": "development"}
{"timestamp": "2026-03-12T18:03:03.977968Z", "level": "INFO", "component": "config", "message": "Embedding dimension validated", "environment": "development"}
{"timestamp": "2026-03-12T18:03:03.979971Z", "level": "INFO", "component": "config", "message": "TTS configuration validated", "environment": "development"}
{"timestamp": "2026-03-12T18:03:03.984493Z", "level": "INFO", "component": "config", "message": "Settings loaded successfully", "environment": "development"}
{"timestamp": "2026-03-12T18:10:36.443106Z", "level": "INFO", "component": "config", "message": "Initializing application settings", "environment": "development"}
{"timestamp": "2026-03-12T18:10:36.457632Z", "level": "INFO", "component": "config", "message": "Environment validated", "environment": "development"}
{"timestamp": "2026-03-12T18:10:36.460634Z", "level": "INFO", "component": "config", "message": "Database URL validated", "environment": "development"}
{"timestamp": "2026-03-12T18:10:36.462648Z", "level": "INFO", "component": "config", "message": "Embedding dimension validated", "environment": "development"}
{"timestamp": "2026-03-12T18:10:36.464647Z", "level": "INFO", "component": "config", "message": "TTS configuration validated", "environment": "development"}
{"timestamp": "2026-03-12T18:10:36.466650Z", "level": "INFO", "component": "config", "message": "Settings loaded successfully", "environment": "development"}
{"timestamp": "2026-03-12T18:10:36.852500Z", "level": "INFO", "component": "config", "message": "Initializing application settings", "environment": "development"}
{"timestamp": "2026-03-12T18:10:36.863036Z", "level": "INFO", "component": "config", "message": "Environment validated", "environment": "development"}
{"timestamp": "2026-03-12T18:10:36.866039Z", "level": "INFO", "component": "config", "message": "Database URL validated", "environment": "development"}
{"timestamp": "2026-03-12T18:10:36.868039Z", "level": "INFO", "component": "config", "message": "Embedding dimension validated", "environment": "development"}
{"timestamp": "2026-03-12T18:10:36.871032Z", "level": "INFO", "component": "config", "message": "TTS configuration validated", "environment": "development"}
{"timestamp": "2026-03-12T18:10:36.874052Z", "level": "INFO", "component": "config", "message": "Settings loaded successfully", "environment": "development"}
{"timestamp": "2026-03-12T18:10:38.734771Z", "level": "INFO", "component": "config", "message": "Initializing application settings", "environment": "development"}
{"timestamp": "2026-03-12T18:10:38.751877Z", "level": "INFO", "component": "config", "message": "Environment validated", "environment": "development"}
{"timestamp": "2026-03-12T18:10:38.752886Z", "level": "INFO", "component": "config", "message": "Database URL validated", "environment": "development"}
{"timestamp": "2026-03-12T18:10:38.754874Z", "level": "INFO", "component": "config", "message": "Embedding dimension validated", "environment": "development"}
{"timestamp": "2026-03-12T18:10:38.756878Z", "level": "INFO", "component": "config", "message": "TTS configuration validated", "environment": "development"}
{"timestamp": "2026-03-12T18:10:38.758880Z", "level": "INFO", "component": "config", "message": "Settings loaded successfully", "environment": "development"}
{"timestamp": "2026-03-12T18:10:38.799020Z", "level": "INFO", "component": "config", "message": "Starting critical settings validation", "environment": "development"}
{"timestamp": "2026-03-12T18:10:38.801016Z", "level": "INFO", "component": "config", "message": "Critical settings validation passed", "environment": "development"}
{"timestamp": "2026-03-12T18:10:38.802017Z", "level": "INFO", "component": "config", "message": "Generating configuration summary", "environment": "development"}
{"timestamp": "2026-03-12T18:10:38.803015Z", "level": "INFO", "component": "config", "message": "Configuration summary", "environment": "development"}
{"timestamp": "2026-03-12T18:10:38.935140Z", "level": "INFO", "component": "config", "message": "Initializing application settings", "environment": "development"}
{"timestamp": "2026-03-12T18:10:38.952094Z", "level": "INFO", "component": "config", "message": "Environment validated", "environment": "development"}
{"timestamp": "2026-03-12T18:10:38.958392Z", "level": "INFO", "component": "config", "message": "Database URL validated", "environment": "development"}
{"timestamp": "2026-03-12T18:10:38.963262Z", "level": "INFO", "component": "config", "message": "Embedding dimension validated", "environment": "development"}
{"timestamp": "2026-03-12T18:10:38.965393Z", "level": "INFO", "component": "config", "message": "TTS configuration validated", "environment": "development"}
{"timestamp": "2026-03-12T18:10:38.966392Z", "level": "INFO", "component": "config", "message": "Settings loaded successfully", "environment": "development"}
{"timestamp": "2026-03-12T18:10:39.012390Z", "level": "INFO", "component": "config", "message": "Starting critical settings validation", "environment": "development"}
{"timestamp": "2026-03-12T18:10:39.014392Z", "level": "INFO", "component": "config", "message": "Critical settings validation passed", "environment": "development"}
{"timestamp": "2026-03-12T18:10:39.016393Z", "level": "INFO", "component": "config", "message": "Generating configuration summary", "environment": "development"}
{"timestamp": "2026-03-12T18:10:39.022109Z", "level": "INFO", "component": "config", "message": "Configuration summary", "environment": "development"}
{"timestamp": "2026-03-12T18:10:39.105940Z", "level": "INFO", "component": "config", "message": "Starting critical settings validation", "environment": "development"}
{"timestamp": "2026-03-12T18:10:39.107936Z", "level": "INFO", "component": "config", "message": "Critical settings validation passed", "environment": "development"}
{"timestamp": "2026-03-12T18:10:39.109939Z", "level": "INFO", "component": "config", "message": "Generating configuration summary", "environment": "development"}
{"timestamp": "2026-03-12T18:10:39.112957Z", "level": "INFO", "component": "config", "message": "Configuration summary", "environment": "development"}
{"timestamp": "2026-03-12T18:10:46.334568Z", "level": "INFO", "component": "config", "message": "Initializing application settings", "environment": "development"}
{"timestamp": "2026-03-12T18:10:46.348426Z", "level": "INFO", "component": "config", "message": "Environment validated", "environment": "development"}
{"timestamp": "2026-03-12T18:10:46.349548Z", "level": "INFO", "component": "config", "message": "Database URL validated", "environment": "development"}
{"timestamp": "2026-03-12T18:10:46.352063Z", "level": "INFO", "component": "config", "message": "Embedding dimension validated", "environment": "development"}
{"timestamp": "2026-03-12T18:10:46.354335Z", "level": "INFO", "component": "config", "message": "TTS configuration validated", "environment": "development"}
{"timestamp": "2026-03-12T18:10:46.355852Z", "level": "INFO", "component": "config", "message": "Settings loaded successfully", "environment": "development"}
{"timestamp": "2026-03-12T18:10:47.481061Z", "level": "INFO", "component": "config", "message": "Initializing application settings", "environment": "development"}
{"timestamp": "2026-03-12T18:10:47.495705Z", "level": "INFO", "component": "config", "message": "Environment validated", "environment": "development"}
{"timestamp": "2026-03-12T18:10:47.498160Z", "level": "INFO", "component": "config", "message": "Database URL validated", "environment": "development"}
{"timestamp": "2026-03-12T18:10:47.499161Z", "level": "INFO", "component": "config", "message": "Embedding dimension validated", "environment": "development"}
{"timestamp": "2026-03-12T18:10:47.503877Z", "level": "INFO", "component": "config", "message": "TTS configuration validated", "environment": "development"}
{"timestamp": "2026-03-12T18:10:47.509214Z", "level": "INFO", "component": "config", "message": "Settings loaded successfully", "environment": "development"}
{"timestamp": "2026-03-12T18:10:56.032672Z", "level": "INFO", "component": "config", "message": "Initializing application settings", "environment": "development"}
{"timestamp": "2026-03-12T18:10:56.047284Z", "level": "INFO", "component": "config", "message": "Environment validated", "environment": "development"}
{"timestamp": "2026-03-12T18:10:56.049652Z", "level": "INFO", "component": "config", "message": "Database URL validated", "environment": "development"}
{"timestamp": "2026-03-12T18:10:56.050667Z", "level": "INFO", "component": "config", "message": "Embedding dimension validated", "environment": "development"}
{"timestamp": "2026-03-12T18:10:56.051665Z", "level": "INFO", "component": "config", "message": "TTS configuration validated", "environment": "development"}
{"timestamp": "2026-03-12T18:10:56.052665Z", "level": "INFO", "component": "config", "message": "Settings loaded successfully", "environment": "development"}
{"timestamp": "2026-03-12T18:10:57.074880Z", "level": "INFO", "component": "config", "message": "Initializing application settings", "environment": "development"}
{"timestamp": "2026-03-12T18:10:57.084405Z", "level": "INFO", "component": "config", "message": "Environment validated", "environment": "development"}
{"timestamp": "2026-03-12T18:10:57.094105Z", "level": "INFO", "component": "config", "message": "Database URL validated", "environment": "development"}
{"timestamp": "2026-03-12T18:10:57.096106Z", "level": "INFO", "component": "config", "message": "Embedding dimension validated", "environment": "development"}
{"timestamp": "2026-03-12T18:10:57.097116Z", "level": "INFO", "component": "config", "message": "TTS configuration validated", "environment": "development"}
{"timestamp": "2026-03-12T18:10:57.099108Z", "level": "INFO", "component": "config", "message": "Settings loaded successfully", "environment": "development"}
{"timestamp": "2026-03-12T18:14:12.616539Z", "level": "INFO", "component": "config", "message": "Initializing application settings", "environment": "development"}
{"timestamp": "2026-03-12T18:14:12.638661Z", "level": "INFO", "component": "config", "message": "Environment validated", "environment": "development"}
{"timestamp": "2026-03-12T18:14:12.646241Z", "level": "INFO", "component": "config", "message": "Database URL validated", "environment": "development"}
{"timestamp": "2026-03-12T18:14:12.648771Z", "level": "INFO", "component": "config", "message": "Embedding dimension validated", "environment": "development"}
{"timestamp": "2026-03-12T18:14:12.655982Z", "level": "INFO", "component": "config", "message": "TTS configuration validated", "environment": "development"}
{"timestamp": "2026-03-12T18:14:12.656991Z", "level": "INFO", "component": "config", "message": "Settings loaded successfully", "environment": "development"}
{"timestamp": "2026-03-12T18:14:13.453830Z", "level": "INFO", "component": "config", "message": "Initializing application settings", "environment": "development"}
{"timestamp": "2026-03-12T18:14:13.480087Z", "level": "INFO", "component": "config", "message": "Environment validated", "environment": "development"}
{"timestamp": "2026-03-12T18:14:13.487082Z", "level": "INFO", "component": "config", "message": "Database URL validated", "environment": "development"}
{"timestamp": "2026-03-12T18:14:13.493635Z", "level": "INFO", "component": "config", "message": "Embedding dimension validated", "environment": "development"}
{"timestamp": "2026-03-12T18:14:13.497385Z", "level": "INFO", "component": "config", "message": "TTS configuration validated", "environment": "development"}
{"timestamp": "2026-03-12T18:14:13.515011Z", "level": "INFO", "component": "config", "message": "Settings loaded successfully", "environment": "development"}
{"timestamp": "2026-03-12T18:14:17.609636Z", "level": "INFO", "component": "config", "message": "Initializing application settings", "environment": "development"}
{"timestamp": "2026-03-12T18:14:17.628840Z", "level": "INFO", "component": "config", "message": "Environment validated", "environment": "development"}
{"timestamp": "2026-03-12T18:14:17.630861Z", "level": "INFO", "component": "config", "message": "Database URL validated", "environment": "development"}
{"timestamp": "2026-03-12T18:14:17.632879Z", "level": "INFO", "component": "config", "message": "Embedding dimension validated", "environment": "development"}
{"timestamp": "2026-03-12T18:14:17.634879Z", "level": "INFO", "component": "config", "message": "TTS configuration validated", "environment": "development"}
{"timestamp": "2026-03-12T18:14:17.638874Z", "level": "INFO", "component": "config", "message": "Settings loaded successfully", "environment": "development"}
{"timestamp": "2026-03-12T18:14:17.653547Z", "level": "INFO", "component": "config", "message": "Initializing application settings", "environment": "development"}
{"timestamp": "2026-03-12T18:14:17.665148Z", "level": "INFO", "component": "config", "message": "Environment validated", "environment": "development"}
{"timestamp": "2026-03-12T18:14:17.667169Z", "level": "INFO", "component": "config", "message": "Database URL validated", "environment": "development"}
{"timestamp": "2026-03-12T18:14:17.668685Z", "level": "INFO", "component": "config", "message": "Embedding dimension validated", "environment": "development"}
{"timestamp": "2026-03-12T18:14:17.670706Z", "level": "INFO", "component": "config", "message": "TTS configuration validated", "environment": "development"}
{"timestamp": "2026-03-12T18:14:17.672709Z", "level": "INFO", "component": "config", "message": "Settings loaded successfully", "environment": "development"}
{"timestamp": "2026-03-12T18:14:17.698866Z", "level": "INFO", "component": "config", "message": "Starting critical settings validation", "environment": "development"}
{"timestamp": "2026-03-12T18:14:17.703940Z", "level": "INFO", "component": "config", "message": "Critical settings validation passed", "environment": "development"}
{"timestamp": "2026-03-12T18:14:17.706947Z", "level": "INFO", "component": "config", "message": "Generating configuration summary", "environment": "development"}
{"timestamp": "2026-03-12T18:14:17.709478Z", "level": "INFO", "component": "config", "message": "Configuration summary", "environment": "development"}
{"timestamp": "2026-03-12T18:14:17.949968Z", "level": "INFO", "component": "config", "message": "Initializing application settings", "environment": "development"}
{"timestamp": "2026-03-12T18:14:17.962574Z", "level": "INFO", "component": "config", "message": "Environment validated", "environment": "development"}
{"timestamp": "2026-03-12T18:14:17.964571Z", "level": "INFO", "component": "config", "message": "Database URL validated", "environment": "development"}
{"timestamp": "2026-03-12T18:14:17.967092Z", "level": "INFO", "component": "config", "message": "Embedding dimension validated", "environment": "development"}
{"timestamp": "2026-03-12T18:14:17.971688Z", "level": "INFO", "component": "config", "message": "TTS configuration validated", "environment": "development"}
{"timestamp": "2026-03-12T18:14:17.973704Z", "level": "INFO", "component": "config", "message": "Settings loaded successfully", "environment": "development"}
{"timestamp": "2026-03-12T18:14:18.033690Z", "level": "INFO", "component": "config", "message": "Starting critical settings validation", "environment": "development"}
{"timestamp": "2026-03-12T18:14:18.035691Z", "level": "INFO", "component": "config", "message": "Critical settings validation passed", "environment": "development"}
{"timestamp": "2026-03-12T18:14:18.037691Z", "level": "INFO", "component": "config", "message": "Generating configuration summary", "environment": "development"}
{"timestamp": "2026-03-12T18:14:18.040185Z", "level": "INFO", "component": "config", "message": "Configuration summary", "environment": "development"}
{"timestamp": "2026-03-12T18:14:18.051733Z", "level": "INFO", "component": "config", "message": "Starting critical settings validation", "environment": "development"}
{"timestamp": "2026-03-12T18:14:18.054749Z", "level": "INFO", "component": "config", "message": "Critical settings validation passed", "environment": "development"}
{"timestamp": "2026-03-12T18:14:18.056749Z", "level": "INFO", "component": "config", "message": "Generating configuration summary", "environment": "development"}
{"timestamp": "2026-03-12T18:14:18.058751Z", "level": "INFO", "component": "config", "message": "Configuration summary", "environment": "development"}
{"timestamp": "2026-03-12T18:14:18.874630Z", "level": "INFO", "component": "config", "message": "Initializing application settings", "environment": "development"}
{"timestamp": "2026-03-12T18:14:18.887232Z", "level": "INFO", "component": "config", "message": "Environment validated", "environment": "development"}
{"timestamp": "2026-03-12T18:14:18.889773Z", "level": "INFO", "component": "config", "message": "Database URL validated", "environment": "development"}
{"timestamp": "2026-03-12T18:14:18.891776Z", "level": "INFO", "component": "config", "message": "Embedding dimension validated", "environment": "development"}
{"timestamp": "2026-03-12T18:14:18.893795Z", "level": "INFO", "component": "config", "message": "TTS configuration validated", "environment": "development"}
{"timestamp": "2026-03-12T18:14:18.894796Z", "level": "INFO", "component": "config", "message": "Settings loaded successfully", "environment": "development"}
{"timestamp": "2026-03-12T18:14:44.365477Z", "level": "INFO", "component": "config", "message": "Initializing application settings", "environment": "development"}
{"timestamp": "2026-03-12T18:14:44.382015Z", "level": "INFO", "component": "config", "message": "Environment validated", "environment": "development"}
{"timestamp": "2026-03-12T18:14:44.385031Z", "level": "INFO", "component": "config", "message": "Database URL validated", "environment": "development"}
{"timestamp": "2026-03-12T18:14:44.387558Z", "level": "INFO", "component": "config", "message": "Embedding dimension validated", "environment": "development"}
{"timestamp": "2026-03-12T18:14:44.391637Z", "level": "INFO", "component": "config", "message": "TTS configuration validated", "environment": "development"}
{"timestamp": "2026-03-12T18:14:44.393657Z", "level": "INFO", "component": "config", "message": "Settings loaded successfully", "environment": "development"}
{"timestamp": "2026-03-12T18:14:44.700178Z", "level": "INFO", "component": "config", "message": "Initializing application settings", "environment": "development"}
{"timestamp": "2026-03-12T18:14:44.710255Z", "level": "INFO", "component": "config", "message": "Environment validated", "environment": "development"}
{"timestamp": "2026-03-12T18:14:44.712811Z", "level": "INFO", "component": "config", "message": "Database URL validated", "environment": "development"}
{"timestamp": "2026-03-12T18:14:44.713802Z", "level": "INFO", "component": "config", "message": "Embedding dimension validated", "environment": "development"}
{"timestamp": "2026-03-12T18:14:44.714802Z", "level": "INFO", "component": "config", "message": "TTS configuration validated", "environment": "development"}
{"timestamp": "2026-03-12T18:14:44.716799Z", "level": "INFO", "component": "config", "message": "Settings loaded successfully", "environment": "development"}
{"timestamp": "2026-03-12T18:14:45.941480Z", "level": "INFO", "component": "config", "message": "Initializing application settings", "environment": "development"}
{"timestamp": "2026-03-12T18:14:45.955548Z", "level": "INFO", "component": "config", "message": "Environment validated", "environment": "development"}
{"timestamp": "2026-03-12T18:14:45.958546Z", "level": "INFO", "component": "config", "message": "Database URL validated", "environment": "development"}
{"timestamp": "2026-03-12T18:14:45.959724Z", "level": "INFO", "component": "config", "message": "Embedding dimension validated", "environment": "development"}
{"timestamp": "2026-03-12T18:14:45.961742Z", "level": "INFO", "component": "config", "message": "TTS configuration validated", "environment": "development"}
{"timestamp": "2026-03-12T18:14:45.962742Z", "level": "INFO", "component": "config", "message": "Settings loaded successfully", "environment": "development"}
{"timestamp": "2026-03-12T18:14:46.668576Z", "level": "INFO", "component": "config", "message": "Initializing application settings", "environment": "development"}
{"timestamp": "2026-03-12T18:14:46.688865Z", "level": "INFO", "component": "config", "message": "Environment validated", "environment": "development"}
{"timestamp": "2026-03-12T18:14:46.692423Z", "level": "INFO", "component": "config", "message": "Database URL validated", "environment": "development"}
{"timestamp": "2026-03-12T18:14:46.694421Z", "level": "INFO", "component": "config", "message": "Embedding dimension validated", "environment": "development"}
{"timestamp": "2026-03-12T18:14:46.696344Z", "level": "INFO", "component": "config", "message": "TTS configuration validated", "environment": "development"}
{"timestamp": "2026-03-12T18:14:46.698703Z", "level": "INFO", "component": "config", "message": "Settings loaded successfully", "environment": "development"}
{"timestamp": "2026-03-12T18:14:46.759087Z", "level": "INFO", "component": "config", "message": "Starting critical settings validation", "environment": "development"}
{"timestamp": "2026-03-12T18:14:46.761616Z", "level": "INFO", "component": "config", "message": "Critical settings validation passed", "environment": "development"}
{"timestamp": "2026-03-12T18:14:46.763632Z", "level": "INFO", "component": "config", "message": "Generating configuration summary", "environment": "development"}
{"timestamp": "2026-03-12T18:14:46.765633Z", "level": "INFO", "component": "config", "message": "Configuration summary", "environment": "development"}
{"timestamp": "2026-03-12T18:14:46.857366Z", "level": "INFO", "component": "config", "message": "Initializing application settings", "environment": "development"}
{"timestamp": "2026-03-12T18:14:46.870489Z", "level": "INFO", "component": "config", "message": "Environment validated", "environment": "development"}
{"timestamp": "2026-03-12T18:14:46.873518Z", "level": "INFO", "component": "config", "message": "Database URL validated", "environment": "development"}
{"timestamp": "2026-03-12T18:14:46.876517Z", "level": "INFO", "component": "config", "message": "Embedding dimension validated", "environment": "development"}
{"timestamp": "2026-03-12T18:14:46.878512Z", "level": "INFO", "component": "config", "message": "TTS configuration validated", "environment": "development"}
{"timestamp": "2026-03-12T18:14:46.880055Z", "level": "INFO", "component": "config", "message": "Settings loaded successfully", "environment": "development"}
{"timestamp": "2026-03-12T18:14:46.933492Z", "level": "INFO", "component": "config", "message": "Starting critical settings validation", "environment": "development"}
{"timestamp": "2026-03-12T18:14:46.935488Z", "level": "INFO", "component": "config", "message": "Critical settings validation passed", "environment": "development"}
{"timestamp": "2026-03-12T18:14:46.939001Z", "level": "INFO", "component": "config", "message": "Generating configuration summary", "environment": "development"}
{"timestamp": "2026-03-12T18:14:46.940024Z", "level": "INFO", "component": "config", "message": "Configuration summary", "environment": "development"}
{"timestamp": "2026-03-12T18:14:47.117338Z", "level": "INFO", "component": "config", "message": "Starting critical settings validation", "environment": "development"}
{"timestamp": "2026-03-12T18:14:47.119625Z", "level": "INFO", "component": "config", "message": "Critical settings validation passed", "environment": "development"}
{"timestamp": "2026-03-12T18:14:47.122643Z", "level": "INFO", "component": "config", "message": "Generating configuration summary", "environment": "development"}
{"timestamp": "2026-03-12T18:14:47.124644Z", "level": "INFO", "component": "config", "message": "Configuration summary", "environment": "development"}
{"timestamp": "2026-03-12T18:14:47.214466Z", "level": "INFO", "component": "config", "message": "Initializing application settings", "environment": "development"}
{"timestamp": "2026-03-12T18:14:47.224541Z", "level": "INFO", "component": "config", "message": "Environment validated", "environment": "development"}
{"timestamp": "2026-03-12T18:14:47.227546Z", "level": "INFO", "component": "config", "message": "Database URL validated", "environment": "development"}
{"timestamp": "2026-03-12T18:14:47.230076Z", "level": "INFO", "component": "config", "message": "Embedding dimension validated", "environment": "development"}
{"timestamp": "2026-03-12T18:14:47.232624Z", "level": "INFO", "component": "config", "message": "TTS configuration validated", "environment": "development"}
{"timestamp": "2026-03-12T18:14:47.233621Z", "level": "INFO", "component": "config", "message": "Settings loaded successfully", "environment": "development"}
{"timestamp": "2026-03-12T18:22:45.698525Z", "level": "INFO", "component": "config", "message": "Initializing application settings", "environment": "development"}
{"timestamp": "2026-03-12T18:22:45.717039Z", "level": "INFO", "component": "config", "message": "Environment validated", "environment": "development"}
{"timestamp": "2026-03-12T18:22:45.718055Z", "level": "INFO", "component": "config", "message": "Database URL validated", "environment": "development"}
{"timestamp": "2026-03-12T18:22:45.720569Z", "level": "INFO", "component": "config", "message": "Embedding dimension validated", "environment": "development"}
{"timestamp": "2026-03-12T18:22:45.723587Z", "level": "INFO", "component": "config", "message": "TTS configuration validated", "environment": "development"}
{"timestamp": "2026-03-12T18:22:45.724751Z", "level": "INFO", "component": "config", "message": "Settings loaded successfully", "environment": "development"}
{"timestamp": "2026-03-12T18:22:46.869515Z", "level": "INFO", "component": "config", "message": "Initializing application settings", "environment": "development"}
{"timestamp": "2026-03-12T18:22:46.881109Z", "level": "INFO", "component": "config", "message": "Environment validated", "environment": "development"}
{"timestamp": "2026-03-12T18:22:46.884115Z", "level": "INFO", "component": "config", "message": "Database URL validated", "environment": "development"}
{"timestamp": "2026-03-12T18:22:46.887660Z", "level": "INFO", "component": "config", "message": "Embedding dimension validated", "environment": "development"}
{"timestamp": "2026-03-12T18:22:46.889659Z", "level": "INFO", "component": "config", "message": "TTS configuration validated", "environment": "development"}
{"timestamp": "2026-03-12T18:22:46.892196Z", "level": "INFO", "component": "config", "message": "Settings loaded successfully", "environment": "development"}
{"timestamp": "2026-03-12T18:23:00.290622Z", "level": "INFO", "component": "config", "message": "Initializing application settings", "environment": "development"}
{"timestamp": "2026-03-12T18:23:00.304336Z", "level": "INFO", "component": "config", "message": "Environment validated", "environment": "development"}
{"timestamp": "2026-03-12T18:23:00.306591Z", "level": "INFO", "component": "config", "message": "Database URL validated", "environment": "development"}
{"timestamp": "2026-03-12T18:23:00.308591Z", "level": "INFO", "component": "config", "message": "Embedding dimension validated", "environment": "development"}
{"timestamp": "2026-03-12T18:23:00.309587Z", "level": "INFO", "component": "config", "message": "TTS configuration validated", "environment": "development"}
{"timestamp": "2026-03-12T18:23:00.311615Z", "level": "INFO", "component": "config", "message": "Settings loaded successfully", "environment": "development"}
{"timestamp": "2026-03-12T18:23:01.474416Z", "level": "INFO", "component": "config", "message": "Initializing application settings", "environment": "development"}
{"timestamp": "2026-03-12T18:23:01.484481Z", "level": "INFO", "component": "config", "message": "Environment validated", "environment": "development"}
{"timestamp": "2026-03-12T18:23:01.486471Z", "level": "INFO", "component": "config", "message": "Database URL validated", "environment": "development"}
{"timestamp": "2026-03-12T18:23:01.488471Z", "level": "INFO", "component": "config", "message": "Embedding dimension validated", "environment": "development"}
{"timestamp": "2026-03-12T18:23:01.489470Z", "level": "INFO", "component": "config", "message": "TTS configuration validated", "environment": "development"}
{"timestamp": "2026-03-12T18:23:01.490481Z", "level": "INFO", "component": "config", "message": "Settings loaded successfully", "environment": "development"}
{"timestamp": "2026-03-12T18:35:15.079551Z", "level": "INFO", "component": "config", "message": "Initializing application settings", "environment": "development"}
{"timestamp": "2026-03-12T18:35:15.092633Z", "level": "INFO", "component": "config", "message": "Environment validated", "environment": "development"}
{"timestamp": "2026-03-12T18:35:15.094634Z", "level": "INFO", "component": "config", "message": "Database URL validated", "environment": "development"}
{"timestamp": "2026-03-12T18:35:15.096164Z", "level": "INFO", "component": "config", "message": "Embedding dimension validated", "environment": "development"}
{"timestamp": "2026-03-12T18:35:15.097180Z", "level": "INFO", "component": "config", "message": "TTS configuration validated", "environment": "development"}
{"timestamp": "2026-03-12T18:35:15.098176Z", "level": "INFO", "component": "config", "message": "Settings loaded successfully", "environment": "development"}
{"timestamp": "2026-03-12T18:35:15.631310Z", "level": "INFO", "component": "config", "message": "Initializing application settings", "environment": "development"}
{"timestamp": "2026-03-12T18:35:15.642400Z", "level": "INFO", "component": "config", "message": "Environment validated", "environment": "development"}
{"timestamp": "2026-03-12T18:35:15.643398Z", "level": "INFO", "component": "config", "message": "Database URL validated", "environment": "development"}
{"timestamp": "2026-03-12T18:35:15.644936Z", "level": "INFO", "component": "config", "message": "Embedding dimension validated", "environment": "development"}
{"timestamp": "2026-03-12T18:35:15.646937Z", "level": "INFO", "component": "config", "message": "TTS configuration validated", "environment": "development"}
{"timestamp": "2026-03-12T18:35:15.647945Z", "level": "INFO", "component": "config", "message": "Settings loaded successfully", "environment": "development"}
{"timestamp": "2026-03-12T18:35:17.342485Z", "level": "INFO", "component": "config", "message": "Initializing application settings", "environment": "development"}
{"timestamp": "2026-03-12T18:35:17.360122Z", "level": "INFO", "component": "config", "message": "Environment validated", "environment": "development"}
{"timestamp": "2026-03-12T18:35:17.361650Z", "level": "INFO", "component": "config", "message": "Database URL validated", "environment": "development"}
{"timestamp": "2026-03-12T18:35:17.362675Z", "level": "INFO", "component": "config", "message": "Embedding dimension validated", "environment": "development"}
{"timestamp": "2026-03-12T18:35:17.364673Z", "level": "INFO", "component": "config", "message": "TTS configuration validated", "environment": "development"}
{"timestamp": "2026-03-12T18:35:17.366878Z", "level": "INFO", "component": "config", "message": "Settings loaded successfully", "environment": "development"}
{"timestamp": "2026-03-12T18:35:17.408929Z", "level": "INFO", "component": "config", "message": "Starting critical settings validation", "environment": "development"}
{"timestamp": "2026-03-12T18:35:17.411516Z", "level": "INFO", "component": "config", "message": "Critical settings validation passed", "environment": "development"}
{"timestamp": "2026-03-12T18:35:17.413359Z", "level": "INFO", "component": "config", "message": "Generating configuration summary", "environment": "development"}
{"timestamp": "2026-03-12T18:35:17.415524Z", "level": "INFO", "component": "config", "message": "Configuration summary", "environment": "development"}
{"timestamp": "2026-03-12T18:35:17.729812Z", "level": "INFO", "component": "config", "message": "Starting critical settings validation", "environment": "development"}
{"timestamp": "2026-03-12T18:35:17.732341Z", "level": "INFO", "component": "config", "message": "Critical settings validation passed", "environment": "development"}
{"timestamp": "2026-03-12T18:35:17.734342Z", "level": "INFO", "component": "config", "message": "Generating configuration summary", "environment": "development"}
{"timestamp": "2026-03-12T18:35:17.735871Z", "level": "INFO", "component": "config", "message": "Configuration summary", "environment": "development"}
{"timestamp": "2026-03-12T18:35:17.765913Z", "level": "INFO", "component": "config", "message": "Initializing application settings", "environment": "development"}
{"timestamp": "2026-03-12T18:35:17.782554Z", "level": "INFO", "component": "config", "message": "Environment validated", "environment": "development"}
{"timestamp": "2026-03-12T18:35:17.785063Z", "level": "INFO", "component": "config", "message": "Database URL validated", "environment": "development"}
{"timestamp": "2026-03-12T18:35:17.788098Z", "level": "INFO", "component": "config", "message": "Embedding dimension validated", "environment": "development"}
{"timestamp": "2026-03-12T18:35:17.790100Z", "level": "INFO", "component": "config", "message": "TTS configuration validated", "environment": "development"}
{"timestamp": "2026-03-12T18:35:17.792223Z", "level": "INFO", "component": "config", "message": "Settings loaded successfully", "environment": "development"}
{"timestamp": "2026-03-12T18:35:17.844624Z", "level": "INFO", "component": "config", "message": "Starting critical settings validation", "environment": "development"}
{"timestamp": "2026-03-12T18:35:17.846645Z", "level": "INFO", "component": "config", "message": "Critical settings validation passed", "environment": "development"}
{"timestamp": "2026-03-12T18:35:17.848641Z", "level": "INFO", "component": "config", "message": "Generating configuration summary", "environment": "development"}
{"timestamp": "2026-03-12T18:35:17.849642Z", "level": "INFO", "component": "config", "message": "Configuration summary", "environment": "development"}
{"timestamp": "2026-03-12T18:37:47.890942Z", "level": "INFO", "component": "config", "message": "Initializing application settings", "environment": "development"}
{"timestamp": "2026-03-12T18:37:47.902023Z", "level": "INFO", "component": "config", "message": "Environment validated", "environment": "development"}
{"timestamp": "2026-03-12T18:37:47.904019Z", "level": "INFO", "component": "config", "message": "Database URL validated", "environment": "development"}
{"timestamp": "2026-03-12T18:37:47.905455Z", "level": "INFO", "component": "config", "message": "Embedding dimension validated", "environment": "development"}
{"timestamp": "2026-03-12T18:37:47.907456Z", "level": "INFO", "component": "config", "message": "TTS configuration validated", "environment": "development"}
{"timestamp": "2026-03-12T18:37:47.908456Z", "level": "INFO", "component": "config", "message": "Settings loaded successfully", "environment": "development"}
{"timestamp": "2026-03-12T18:37:48.232658Z", "level": "INFO", "component": "config", "message": "Initializing application settings", "environment": "development"}
{"timestamp": "2026-03-12T18:37:48.249491Z", "level": "INFO", "component": "config", "message": "Environment validated", "environment": "development"}
{"timestamp": "2026-03-12T18:37:48.252024Z", "level": "INFO", "component": "config", "message": "Database URL validated", "environment": "development"}
{"timestamp": "2026-03-12T18:37:48.254563Z", "level": "INFO", "component": "config", "message": "Embedding dimension validated", "environment": "development"}
{"timestamp": "2026-03-12T18:37:48.256578Z", "level": "INFO", "component": "config", "message": "TTS configuration validated", "environment": "development"}
{"timestamp": "2026-03-12T18:37:48.258569Z", "level": "INFO", "component": "config", "message": "Settings loaded successfully", "environment": "development"}
{"timestamp": "2026-03-12T18:37:49.606019Z", "level": "INFO", "component": "config", "message": "Initializing application settings", "environment": "development"}
{"timestamp": "2026-03-12T18:37:49.621135Z", "level": "INFO", "component": "config", "message": "Environment validated", "environment": "development"}
{"timestamp": "2026-03-12T18:37:49.622130Z", "level": "INFO", "component": "config", "message": "Database URL validated", "environment": "development"}
{"timestamp": "2026-03-12T18:37:49.623647Z", "level": "INFO", "component": "config", "message": "Embedding dimension validated", "environment": "development"}
{"timestamp": "2026-03-12T18:37:49.627684Z", "level": "INFO", "component": "config", "message": "TTS configuration validated", "environment": "development"}
{"timestamp": "2026-03-12T18:37:49.629682Z", "level": "INFO", "component": "config", "message": "Settings loaded successfully", "environment": "development"}
{"timestamp": "2026-03-12T18:37:50.184268Z", "level": "INFO", "component": "config", "message": "Initializing application settings", "environment": "development"}
{"timestamp": "2026-03-12T18:37:50.197390Z", "level": "INFO", "component": "config", "message": "Environment validated", "environment": "development"}
{"timestamp": "2026-03-12T18:37:50.199398Z", "level": "INFO", "component": "config", "message": "Database URL validated", "environment": "development"}
{"timestamp": "2026-03-12T18:37:50.201940Z", "level": "INFO", "component": "config", "message": "Embedding dimension validated", "environment": "development"}
{"timestamp": "2026-03-12T18:37:50.205477Z", "level": "INFO", "component": "config", "message": "TTS configuration validated", "environment": "development"}
{"timestamp": "2026-03-12T18:37:50.206479Z", "level": "INFO", "component": "config", "message": "Settings loaded successfully", "environment": "development"}
{"timestamp": "2026-03-12T18:37:50.262925Z", "level": "INFO", "component": "config", "message": "Starting critical settings validation", "environment": "development"}
{"timestamp": "2026-03-12T18:37:50.265159Z", "level": "INFO", "component": "config", "message": "Critical settings validation passed", "environment": "development"}
{"timestamp": "2026-03-12T18:37:50.266163Z", "level": "INFO", "component": "config", "message": "Generating configuration summary", "environment": "development"}
{"timestamp": "2026-03-12T18:37:50.268167Z", "level": "INFO", "component": "config", "message": "Configuration summary", "environment": "development"}
{"timestamp": "2026-03-12T18:37:50.419584Z", "level": "INFO", "component": "config", "message": "Initializing application settings", "environment": "development"}
{"timestamp": "2026-03-12T18:37:50.435228Z", "level": "INFO", "component": "config", "message": "Environment validated", "environment": "development"}
{"timestamp": "2026-03-12T18:37:50.437232Z", "level": "INFO", "component": "config", "message": "Database URL validated", "environment": "development"}
{"timestamp": "2026-03-12T18:37:50.438746Z", "level": "INFO", "component": "config", "message": "Embedding dimension validated", "environment": "development"}
{"timestamp": "2026-03-12T18:37:50.441286Z", "level": "INFO", "component": "config", "message": "TTS configuration validated", "environment": "development"}
{"timestamp": "2026-03-12T18:37:50.442317Z", "level": "INFO", "component": "config", "message": "Settings loaded successfully", "environment": "development"}
{"timestamp": "2026-03-12T18:37:50.505337Z", "level": "INFO", "component": "config", "message": "Starting critical settings validation", "environment": "development"}
{"timestamp": "2026-03-12T18:37:50.507341Z", "level": "INFO", "component": "config", "message": "Critical settings validation passed", "environment": "development"}
{"timestamp": "2026-03-12T18:37:50.511370Z", "level": "INFO", "component": "config", "message": "Generating configuration summary", "environment": "development"}
{"timestamp": "2026-03-12T18:37:50.512386Z", "level": "INFO", "component": "config", "message": "Configuration summary", "environment": "development"}
{"timestamp": "2026-03-12T18:37:50.655326Z", "level": "INFO", "component": "config", "message": "Starting critical settings validation", "environment": "development"}
{"timestamp": "2026-03-12T18:37:50.656321Z", "level": "INFO", "component": "config", "message": "Critical settings validation passed", "environment": "development"}
{"timestamp": "2026-03-12T18:37:50.658321Z", "level": "INFO", "component": "config", "message": "Generating configuration summary", "environment": "development"}
{"timestamp": "2026-03-12T18:37:50.659325Z", "level": "INFO", "component": "config", "message": "Configuration summary", "environment": "development"}
{"timestamp": "2026-03-12T18:38:03.848253Z", "level": "INFO", "component": "config", "message": "Initializing application settings", "environment": "development"}
{"timestamp": "2026-03-12T18:38:03.869563Z", "level": "INFO", "component": "config", "message": "Environment validated", "environment": "development"}
{"timestamp": "2026-03-12T18:38:03.872116Z", "level": "INFO", "component": "config", "message": "Database URL validated", "environment": "development"}
{"timestamp": "2026-03-12T18:38:03.873631Z", "level": "INFO", "component": "config", "message": "Embedding dimension validated", "environment": "development"}
{"timestamp": "2026-03-12T18:38:03.876903Z", "level": "INFO", "component": "config", "message": "TTS configuration validated", "environment": "development"}
{"timestamp": "2026-03-12T18:38:03.878302Z", "level": "INFO", "component": "config", "message": "Settings loaded successfully", "environment": "development"}
{"timestamp": "2026-03-12T18:38:05.632103Z", "level": "INFO", "component": "config", "message": "Initializing application settings", "environment": "development"}
{"timestamp": "2026-03-12T18:38:05.647648Z", "level": "INFO", "component": "config", "message": "Environment validated", "environment": "development"}
{"timestamp": "2026-03-12T18:38:05.649692Z", "level": "INFO", "component": "config", "message": "Database URL validated", "environment": "development"}
{"timestamp": "2026-03-12T18:38:05.651718Z", "level": "INFO", "component": "config", "message": "Embedding dimension validated", "environment": "development"}
{"timestamp": "2026-03-12T18:38:05.653233Z", "level": "INFO", "component": "config", "message": "TTS configuration validated", "environment": "development"}
{"timestamp": "2026-03-12T18:38:05.655762Z", "level": "INFO", "component": "config", "message": "Settings loaded successfully", "environment": "development"}
{"timestamp": "2026-03-12T18:38:18.930835Z", "level": "INFO", "component": "config", "message": "Initializing application settings", "environment": "development"}
{"timestamp": "2026-03-12T18:38:18.944207Z", "level": "INFO", "component": "config", "message": "Environment validated", "environment": "development"}
{"timestamp": "2026-03-12T18:38:18.945745Z", "level": "INFO", "component": "config", "message": "Database URL validated", "environment": "development"}
{"timestamp": "2026-03-12T18:38:18.947742Z", "level": "INFO", "component": "config", "message": "Embedding dimension validated", "environment": "development"}
{"timestamp": "2026-03-12T18:38:18.948756Z", "level": "INFO", "component": "config", "message": "TTS configuration validated", "environment": "development"}
{"timestamp": "2026-03-12T18:38:18.950757Z", "level": "INFO", "component": "config", "message": "Settings loaded successfully", "environment": "development"}
{"timestamp": "2026-03-12T18:38:20.201708Z", "level": "INFO", "component": "config", "message": "Initializing application settings", "environment": "development"}
{"timestamp": "2026-03-12T18:38:20.211709Z", "level": "INFO", "component": "config", "message": "Environment validated", "environment": "development"}
{"timestamp": "2026-03-12T18:38:20.213714Z", "level": "INFO", "component": "config", "message": "Database URL validated", "environment": "development"}
{"timestamp": "2026-03-12T18:38:20.222512Z", "level": "INFO", "component": "config", "message": "Embedding dimension validated", "environment": "development"}
{"timestamp": "2026-03-12T18:38:20.223690Z", "level": "INFO", "component": "config", "message": "TTS configuration validated", "environment": "development"}
{"timestamp": "2026-03-12T18:38:20.225882Z", "level": "INFO", "component": "config", "message": "Settings loaded successfully", "environment": "development"}
{"timestamp": "2026-03-12T18:55:07.427740Z", "level": "INFO", "component": "config", "message": "Initializing application settings", "environment": "development"}
{"timestamp": "2026-03-12T18:55:07.441328Z", "level": "INFO", "component": "config", "message": "Environment validated", "environment": "development"}
{"timestamp": "2026-03-12T18:55:07.443350Z", "level": "INFO", "component": "config", "message": "Database URL validated", "environment": "development"}
{"timestamp": "2026-03-12T18:55:07.444344Z", "level": "INFO", "component": "config", "message": "Embedding dimension validated", "environment": "development"}
{"timestamp": "2026-03-12T18:55:07.446469Z", "level": "INFO", "component": "config", "message": "TTS configuration validated", "environment": "development"}
{"timestamp": "2026-03-12T18:55:07.449488Z", "level": "INFO", "component": "config", "message": "Settings loaded successfully", "environment": "development"}
{"timestamp": "2026-03-12T18:55:08.595218Z", "level": "INFO", "component": "config", "message": "Initializing application settings", "environment": "development"}
{"timestamp": "2026-03-12T18:55:08.606313Z", "level": "INFO", "component": "config", "message": "Environment validated", "environment": "development"}
{"timestamp": "2026-03-12T18:55:08.608334Z", "level": "INFO", "component": "config", "message": "Database URL validated", "environment": "development"}
{"timestamp": "2026-03-12T18:55:08.609336Z", "level": "INFO", "component": "config", "message": "Embedding dimension validated", "environment": "development"}
{"timestamp": "2026-03-12T18:55:08.612359Z", "level": "INFO", "component": "config", "message": "TTS configuration validated", "environment": "development"}
{"timestamp": "2026-03-12T18:55:08.614358Z", "level": "INFO", "component": "config", "message": "Settings loaded successfully", "environment": "development"}
{"timestamp": "2026-03-12T18:55:17.908357Z", "level": "INFO", "component": "config", "message": "Initializing application settings", "environment": "development"}
{"timestamp": "2026-03-12T18:55:17.922434Z", "level": "INFO", "component": "config", "message": "Environment validated", "environment": "development"}
{"timestamp": "2026-03-12T18:55:17.924439Z", "level": "INFO", "component": "config", "message": "Database URL validated", "environment": "development"}
{"timestamp": "2026-03-12T18:55:17.926741Z", "level": "INFO", "component": "config", "message": "Embedding dimension validated", "environment": "development"}
{"timestamp": "2026-03-12T18:55:17.927736Z", "level": "INFO", "component": "config", "message": "TTS configuration validated", "environment": "development"}
{"timestamp": "2026-03-12T18:55:17.929733Z", "level": "INFO", "component": "config", "message": "Settings loaded successfully", "environment": "development"}
{"timestamp": "2026-03-12T18:55:19.046678Z", "level": "INFO", "component": "config", "message": "Initializing application settings", "environment": "development"}
{"timestamp": "2026-03-12T18:55:19.064417Z", "level": "INFO", "component": "config", "message": "Environment validated", "environment": "development"}
{"timestamp": "2026-03-12T18:55:19.067049Z", "level": "INFO", "component": "config", "message": "Database URL validated", "environment": "development"}
{"timestamp": "2026-03-12T18:55:19.068080Z", "level": "INFO", "component": "config", "message": "Embedding dimension validated", "environment": "development"}
{"timestamp": "2026-03-12T18:55:19.070069Z", "level": "INFO", "component": "config", "message": "TTS configuration validated", "environment": "development"}
{"timestamp": "2026-03-12T18:55:19.072090Z", "level": "INFO", "component": "config", "message": "Settings loaded successfully", "environment": "development"}
{"timestamp": "2026-03-12T18:57:40.567613Z", "level": "INFO", "component": "config", "message": "Initializing application settings", "environment": "development"}
{"timestamp": "2026-03-12T18:57:40.578837Z", "level": "INFO", "component": "config", "message": "Environment validated", "environment": "development"}
{"timestamp": "2026-03-12T18:57:40.581839Z", "level": "INFO", "component": "config", "message": "Database URL validated", "environment": "development"}
{"timestamp": "2026-03-12T18:57:40.583837Z", "level": "INFO", "component": "config", "message": "Embedding dimension validated", "environment": "development"}
{"timestamp": "2026-03-12T18:57:40.584835Z", "level": "INFO", "component": "config", "message": "TTS configuration validated", "environment": "development"}
{"timestamp": "2026-03-12T18:57:40.586132Z", "level": "INFO", "component": "config", "message": "Settings loaded successfully", "environment": "development"}
{"timestamp": "2026-03-12T18:57:41.054681Z", "level": "INFO", "component": "config", "message": "Initializing application settings", "environment": "development"}
{"timestamp": "2026-03-12T18:57:41.078895Z", "level": "INFO", "component": "config", "message": "Environment validated", "environment": "development"}
{"timestamp": "2026-03-12T18:57:41.080889Z", "level": "INFO", "component": "config", "message": "Database URL validated", "environment": "development"}
{"timestamp": "2026-03-12T18:57:41.082889Z", "level": "INFO", "component": "config", "message": "Embedding dimension validated", "environment": "development"}
{"timestamp": "2026-03-12T18:57:41.085405Z", "level": "INFO", "component": "config", "message": "TTS configuration validated", "environment": "development"}
{"timestamp": "2026-03-12T18:57:41.087940Z", "level": "INFO", "component": "config", "message": "Settings loaded successfully", "environment": "development"}
{"timestamp": "2026-03-12T18:57:42.929939Z", "level": "INFO", "component": "config", "message": "Initializing application settings", "environment": "development"}
{"timestamp": "2026-03-12T18:57:42.954637Z", "level": "INFO", "component": "config", "message": "Environment validated", "environment": "development"}
{"timestamp": "2026-03-12T18:57:42.956663Z", "level": "INFO", "component": "config", "message": "Database URL validated", "environment": "development"}
{"timestamp": "2026-03-12T18:57:42.961675Z", "level": "INFO", "component": "config", "message": "Embedding dimension validated", "environment": "development"}
{"timestamp": "2026-03-12T18:57:42.963675Z", "level": "INFO", "component": "config", "message": "TTS configuration validated", "environment": "development"}
{"timestamp": "2026-03-12T18:57:42.967728Z", "level": "INFO", "component": "config", "message": "Settings loaded successfully", "environment": "development"}
{"timestamp": "2026-03-12T18:57:43.029789Z", "level": "INFO", "component": "config", "message": "Starting critical settings validation", "environment": "development"}
{"timestamp": "2026-03-12T18:57:43.030792Z", "level": "INFO", "component": "config", "message": "Critical settings validation passed", "environment": "development"}
{"timestamp": "2026-03-12T18:57:43.032792Z", "level": "INFO", "component": "config", "message": "Generating configuration summary", "environment": "development"}
{"timestamp": "2026-03-12T18:57:43.033792Z", "level": "INFO", "component": "config", "message": "Configuration summary", "environment": "development"}
{"timestamp": "2026-03-12T18:57:43.277612Z", "level": "INFO", "component": "config", "message": "Initializing application settings", "environment": "development"}
{"timestamp": "2026-03-12T18:57:43.291675Z", "level": "INFO", "component": "config", "message": "Environment validated", "environment": "development"}
{"timestamp": "2026-03-12T18:57:43.293681Z", "level": "INFO", "component": "config", "message": "Database URL validated", "environment": "development"}
{"timestamp": "2026-03-12T18:57:43.296212Z", "level": "INFO", "component": "config", "message": "Embedding dimension validated", "environment": "development"}
{"timestamp": "2026-03-12T18:57:43.297726Z", "level": "INFO", "component": "config", "message": "TTS configuration validated", "environment": "development"}
{"timestamp": "2026-03-12T18:57:43.299741Z", "level": "INFO", "component": "config", "message": "Settings loaded successfully", "environment": "development"}
{"timestamp": "2026-03-12T18:57:43.345666Z", "level": "INFO", "component": "config", "message": "Starting critical settings validation", "environment": "development"}
{"timestamp": "2026-03-12T18:57:43.346661Z", "level": "INFO", "component": "config", "message": "Starting critical settings validation", "environment": "development"}
{"timestamp": "2026-03-12T18:57:43.346661Z", "level": "INFO", "component": "config", "message": "Critical settings validation passed", "environment": "development"}
{"timestamp": "2026-03-12T18:57:43.348652Z", "level": "INFO", "component": "config", "message": "Critical settings validation passed", "environment": "development"}
{"timestamp": "2026-03-12T18:57:43.348652Z", "level": "INFO", "component": "config", "message": "Generating configuration summary", "environment": "development"}
{"timestamp": "2026-03-12T18:57:43.350652Z", "level": "INFO", "component": "config", "message": "Generating configuration summary", "environment": "development"}
{"timestamp": "2026-03-12T18:57:43.350652Z", "level": "INFO", "component": "config", "message": "Configuration summary", "environment": "development"}
{"timestamp": "2026-03-12T18:57:43.351652Z", "level": "INFO", "component": "config", "message": "Configuration summary", "environment": "development"}
{"timestamp": "2026-03-12T18:57:54.575549Z", "level": "INFO", "component": "config", "message": "Initializing application settings", "environment": "development"}
{"timestamp": "2026-03-12T18:57:54.586568Z", "level": "INFO", "component": "config", "message": "Environment validated", "environment": "development"}
{"timestamp": "2026-03-12T18:57:54.591805Z", "level": "INFO", "component": "config", "message": "Database URL validated", "environment": "development"}
{"timestamp": "2026-03-12T18:57:54.594822Z", "level": "INFO", "component": "config", "message": "Embedding dimension validated", "environment": "development"}
{"timestamp": "2026-03-12T18:57:54.596821Z", "level": "INFO", "component": "config", "message": "TTS configuration validated", "environment": "development"}
{"timestamp": "2026-03-12T18:57:54.598829Z", "level": "INFO", "component": "config", "message": "Settings loaded successfully", "environment": "development"}
{"timestamp": "2026-03-12T18:57:56.087663Z", "level": "INFO", "component": "config", "message": "Initializing application settings", "environment": "development"}
{"timestamp": "2026-03-12T18:57:56.108722Z", "level": "INFO", "component": "config", "message": "Environment validated", "environment": "development"}
{"timestamp": "2026-03-12T18:57:56.115744Z", "level": "INFO", "component": "config", "message": "Database URL validated", "environment": "development"}
{"timestamp": "2026-03-12T18:57:56.117871Z", "level": "INFO", "component": "config", "message": "Embedding dimension validated", "environment": "development"}
{"timestamp": "2026-03-12T18:57:56.119875Z", "level": "INFO", "component": "config", "message": "TTS configuration validated", "environment": "development"}
{"timestamp": "2026-03-12T18:57:56.121873Z", "level": "INFO", "component": "config", "message": "Settings loaded successfully", "environment": "development"}
{"timestamp": "2026-03-12T18:58:11.864607Z", "level": "INFO", "component": "config", "message": "Initializing application settings", "environment": "development"}
{"timestamp": "2026-03-12T18:58:11.876234Z", "level": "INFO", "component": "config", "message": "Environment validated", "environment": "development"}
{"timestamp": "2026-03-12T18:58:11.878219Z", "level": "INFO", "component": "config", "message": "Database URL validated", "environment": "development"}
{"timestamp": "2026-03-12T18:58:11.880217Z", "level": "INFO", "component": "config", "message": "Embedding dimension validated", "environment": "development"}
{"timestamp": "2026-03-12T18:58:11.882751Z", "level": "INFO", "component": "config", "message": "TTS configuration validated", "environment": "development"}
{"timestamp": "2026-03-12T18:58:11.884751Z", "level": "INFO", "component": "config", "message": "Settings loaded successfully", "environment": "development"}
{"timestamp": "2026-03-12T18:58:12.996152Z", "level": "INFO", "component": "config", "message": "Initializing application settings", "environment": "development"}
{"timestamp": "2026-03-12T18:58:13.005211Z", "level": "INFO", "component": "config", "message": "Environment validated", "environment": "development"}
{"timestamp": "2026-03-12T18:58:13.007231Z", "level": "INFO", "component": "config", "message": "Database URL validated", "environment": "development"}
{"timestamp": "2026-03-12T18:58:13.010248Z", "level": "INFO", "component": "config", "message": "Embedding dimension validated", "environment": "development"}
{"timestamp": "2026-03-12T18:58:13.017089Z", "level": "INFO", "component": "config", "message": "TTS configuration validated", "environment": "development"}
{"timestamp": "2026-03-12T18:58:13.018948Z", "level": "INFO", "component": "config", "message": "Settings loaded successfully", "environment": "development"}
{"timestamp": "2026-03-12T18:59:30.621862Z", "level": "INFO", "component": "config", "message": "Initializing application settings", "environment": "development"}
{"timestamp": "2026-03-12T18:59:30.636201Z", "level": "INFO", "component": "config", "message": "Environment validated", "environment": "development"}
{"timestamp": "2026-03-12T18:59:30.638206Z", "level": "INFO", "component": "config", "message": "Database URL validated", "environment": "development"}
{"timestamp": "2026-03-12T18:59:30.640194Z", "level": "INFO", "component": "config", "message": "Embedding dimension validated", "environment": "development"}
{"timestamp": "2026-03-12T18:59:30.642204Z", "level": "INFO", "component": "config", "message": "TTS configuration validated", "environment": "development"}
{"timestamp": "2026-03-12T18:59:30.644213Z", "level": "INFO", "component": "config", "message": "Settings loaded successfully", "environment": "development"}
{"timestamp": "2026-03-12T18:59:30.925334Z", "level": "INFO", "component": "config", "message": "Initializing application settings", "environment": "development"}
{"timestamp": "2026-03-12T18:59:30.936034Z", "level": "INFO", "component": "config", "message": "Environment validated", "environment": "development"}
{"timestamp": "2026-03-12T18:59:30.939034Z", "level": "INFO", "component": "config", "message": "Database URL validated", "environment": "development"}
{"timestamp": "2026-03-12T18:59:30.940025Z", "level": "INFO", "component": "config", "message": "Embedding dimension validated", "environment": "development"}
{"timestamp": "2026-03-12T18:59:30.942675Z", "level": "INFO", "component": "config", "message": "TTS configuration validated", "environment": "development"}
{"timestamp": "2026-03-12T18:59:30.945308Z", "level": "INFO", "component": "config", "message": "Settings loaded successfully", "environment": "development"}
{"timestamp": "2026-03-12T18:59:33.196946Z", "level": "INFO", "component": "config", "message": "Initializing application settings", "environment": "development"}
{"timestamp": "2026-03-12T18:59:33.233471Z", "level": "INFO", "component": "config", "message": "Environment validated", "environment": "development"}
{"timestamp": "2026-03-12T18:59:33.236019Z", "level": "INFO", "component": "config", "message": "Database URL validated", "environment": "development"}
{"timestamp": "2026-03-12T18:59:33.237019Z", "level": "INFO", "component": "config", "message": "Embedding dimension validated", "environment": "development"}
{"timestamp": "2026-03-12T18:59:33.239570Z", "level": "INFO", "component": "config", "message": "TTS configuration validated", "environment": "development"}
{"timestamp": "2026-03-12T18:59:33.241736Z", "level": "INFO", "component": "config", "message": "Settings loaded successfully", "environment": "development"}
{"timestamp": "2026-03-12T18:59:33.304669Z", "level": "INFO", "component": "config", "message": "Starting critical settings validation", "environment": "development"}
{"timestamp": "2026-03-12T18:59:33.305693Z", "level": "INFO", "component": "config", "message": "Critical settings validation passed", "environment": "development"}
{"timestamp": "2026-03-12T18:59:33.309176Z", "level": "INFO", "component": "config", "message": "Generating configuration summary", "environment": "development"}
{"timestamp": "2026-03-12T18:59:33.310699Z", "level": "INFO", "component": "config", "message": "Configuration summary", "environment": "development"}
{"timestamp": "2026-03-12T18:59:33.364546Z", "level": "INFO", "component": "config", "message": "Initializing application settings", "environment": "development"}
{"timestamp": "2026-03-12T18:59:33.399598Z", "level": "INFO", "component": "config", "message": "Environment validated", "environment": "development"}
{"timestamp": "2026-03-12T18:59:33.418649Z", "level": "INFO", "component": "config", "message": "Database URL validated", "environment": "development"}
{"timestamp": "2026-03-12T18:59:33.421117Z", "level": "INFO", "component": "config", "message": "Embedding dimension validated", "environment": "development"}
{"timestamp": "2026-03-12T18:59:33.424120Z", "level": "INFO", "component": "config", "message": "TTS configuration validated", "environment": "development"}
{"timestamp": "2026-03-12T18:59:33.426532Z", "level": "INFO", "component": "config", "message": "Settings loaded successfully", "environment": "development"}
{"timestamp": "2026-03-12T18:59:33.494616Z", "level": "INFO", "component": "config", "message": "Starting critical settings validation", "environment": "development"}
{"timestamp": "2026-03-12T18:59:33.497820Z", "level": "INFO", "component": "config", "message": "Critical settings validation passed", "environment": "development"}
{"timestamp": "2026-03-12T18:59:33.500563Z", "level": "INFO", "component": "config", "message": "Generating configuration summary", "environment": "development"}
{"timestamp": "2026-03-12T18:59:33.503182Z", "level": "INFO", "component": "config", "message": "Configuration summary", "environment": "development"}
{"timestamp": "2026-03-12T18:59:33.766490Z", "level": "INFO", "component": "config", "message": "Starting critical settings validation", "environment": "development"}
{"timestamp": "2026-03-12T18:59:33.768508Z", "level": "INFO", "component": "config", "message": "Critical settings validation passed", "environment": "development"}
{"timestamp": "2026-03-12T18:59:33.770508Z", "level": "INFO", "component": "config", "message": "Generating configuration summary", "environment": "development"}
{"timestamp": "2026-03-12T18:59:33.772512Z", "level": "INFO", "component": "config", "message": "Configuration summary", "environment": "development"}
{"timestamp": "2026-03-12T18:59:37.098319Z", "level": "INFO", "component": "config", "message": "Initializing application settings", "environment": "development"}
{"timestamp": "2026-03-12T18:59:37.114345Z", "level": "INFO", "component": "config", "message": "Environment validated", "environment": "development"}
{"timestamp": "2026-03-12T18:59:37.115978Z", "level": "INFO", "component": "config", "message": "Database URL validated", "environment": "development"}
{"timestamp": "2026-03-12T18:59:37.117078Z", "level": "INFO", "component": "config", "message": "Embedding dimension validated", "environment": "development"}
{"timestamp": "2026-03-12T18:59:37.122088Z", "level": "INFO", "component": "config", "message": "TTS configuration validated", "environment": "development"}
{"timestamp": "2026-03-12T18:59:37.123085Z", "level": "INFO", "component": "config", "message": "Settings loaded successfully", "environment": "development"}
{"timestamp": "2026-03-12T18:59:38.166442Z", "level": "INFO", "component": "config", "message": "Initializing application settings", "environment": "development"}
{"timestamp": "2026-03-12T18:59:38.176997Z", "level": "INFO", "component": "config", "message": "Environment validated", "environment": "development"}
{"timestamp": "2026-03-12T18:59:38.183440Z", "level": "INFO", "component": "config", "message": "Database URL validated", "environment": "development"}
{"timestamp": "2026-03-12T18:59:38.185480Z", "level": "INFO", "component": "config", "message": "Embedding dimension validated", "environment": "development"}
{"timestamp": "2026-03-12T18:59:38.187495Z", "level": "INFO", "component": "config", "message": "TTS configuration validated", "environment": "development"}
{"timestamp": "2026-03-12T18:59:38.189493Z", "level": "INFO", "component": "config", "message": "Settings loaded successfully", "environment": "development"}
{"timestamp": "2026-03-12T18:59:48.421048Z", "level": "INFO", "component": "config", "message": "Initializing application settings", "environment": "development"}
{"timestamp": "2026-03-12T18:59:48.434420Z", "level": "INFO", "component": "config", "message": "Environment validated", "environment": "development"}
{"timestamp": "2026-03-12T18:59:48.437156Z", "level": "INFO", "component": "config", "message": "Database URL validated", "environment": "development"}
{"timestamp": "2026-03-12T18:59:48.438150Z", "level": "INFO", "component": "config", "message": "Embedding dimension validated", "environment": "development"}
{"timestamp": "2026-03-12T18:59:48.441673Z", "level": "INFO", "component": "config", "message": "TTS configuration validated", "environment": "development"}
{"timestamp": "2026-03-12T18:59:48.442705Z", "level": "INFO", "component": "config", "message": "Settings loaded successfully", "environment": "development"}
{"timestamp": "2026-03-12T18:59:50.967103Z", "level": "INFO", "component": "config", "message": "Initializing application settings", "environment": "development"}
{"timestamp": "2026-03-12T18:59:50.975087Z", "level": "INFO", "component": "config", "message": "Environment validated", "environment": "development"}
{"timestamp": "2026-03-12T18:59:50.977092Z", "level": "INFO", "component": "config", "message": "Database URL validated", "environment": "development"}
{"timestamp": "2026-03-12T18:59:50.989156Z", "level": "INFO", "component": "config", "message": "Embedding dimension validated", "environment": "development"}
{"timestamp": "2026-03-12T18:59:50.990688Z", "level": "INFO", "component": "config", "message": "TTS configuration validated", "environment": "development"}
{"timestamp": "2026-03-12T18:59:50.991685Z", "level": "INFO", "component": "config", "message": "Settings loaded successfully", "environment": "development"}
{"timestamp": "2026-03-12T19:02:51.128378Z", "level": "INFO", "component": "config", "message": "Initializing application settings", "environment": "development"}
{"timestamp": "2026-03-12T19:02:51.138458Z", "level": "INFO", "component": "config", "message": "Environment validated", "environment": "development"}
{"timestamp": "2026-03-12T19:02:51.142054Z", "level": "INFO", "component": "config", "message": "Database URL validated", "environment": "development"}
{"timestamp": "2026-03-12T19:02:51.143576Z", "level": "INFO", "component": "config", "message": "Embedding dimension validated", "environment": "development"}
{"timestamp": "2026-03-12T19:02:51.145610Z", "level": "INFO", "component": "config", "message": "TTS configuration validated", "environment": "development"}
{"timestamp": "2026-03-12T19:02:51.147038Z", "level": "INFO", "component": "config", "message": "Settings loaded successfully", "environment": "development"}
{"timestamp": "2026-03-12T19:02:51.586478Z", "level": "INFO", "component": "config", "message": "Initializing application settings", "environment": "development"}
{"timestamp": "2026-03-12T19:02:51.598171Z", "level": "INFO", "component": "config", "message": "Environment validated", "environment": "development"}
{"timestamp": "2026-03-12T19:02:51.600807Z", "level": "INFO", "component": "config", "message": "Database URL validated", "environment": "development"}
{"timestamp": "2026-03-12T19:02:51.601836Z", "level": "INFO", "component": "config", "message": "Embedding dimension validated", "environment": "development"}
{"timestamp": "2026-03-12T19:02:51.603357Z", "level": "INFO", "component": "config", "message": "TTS configuration validated", "environment": "development"}
{"timestamp": "2026-03-12T19:02:51.605381Z", "level": "INFO", "component": "config", "message": "Settings loaded successfully", "environment": "development"}
{"timestamp": "2026-03-12T19:02:53.251621Z", "level": "INFO", "component": "config", "message": "Initializing application settings", "environment": "development"}
{"timestamp": "2026-03-12T19:02:53.271836Z", "level": "INFO", "component": "config", "message": "Environment validated", "environment": "development"}
{"timestamp": "2026-03-12T19:02:53.273879Z", "level": "INFO", "component": "config", "message": "Database URL validated", "environment": "development"}
{"timestamp": "2026-03-12T19:02:53.275904Z", "level": "INFO", "component": "config", "message": "Embedding dimension validated", "environment": "development"}
{"timestamp": "2026-03-12T19:02:53.277904Z", "level": "INFO", "component": "config", "message": "TTS configuration validated", "environment": "development"}
{"timestamp": "2026-03-12T19:02:53.280533Z", "level": "INFO", "component": "config", "message": "Settings loaded successfully", "environment": "development"}
{"timestamp": "2026-03-12T19:02:53.377006Z", "level": "INFO", "component": "config", "message": "Starting critical settings validation", "environment": "development"}
{"timestamp": "2026-03-12T19:02:53.378042Z", "level": "INFO", "component": "config", "message": "Critical settings validation passed", "environment": "development"}
{"timestamp": "2026-03-12T19:02:53.380587Z", "level": "INFO", "component": "config", "message": "Generating configuration summary", "environment": "development"}
{"timestamp": "2026-03-12T19:02:53.382588Z", "level": "INFO", "component": "config", "message": "Configuration summary", "environment": "development"}
{"timestamp": "2026-03-12T19:02:53.771396Z", "level": "INFO", "component": "config", "message": "Starting critical settings validation", "environment": "development"}
{"timestamp": "2026-03-12T19:02:53.774419Z", "level": "INFO", "component": "config", "message": "Critical settings validation passed", "environment": "development"}
{"timestamp": "2026-03-12T19:02:53.778511Z", "level": "INFO", "component": "config", "message": "Generating configuration summary", "environment": "development"}
{"timestamp": "2026-03-12T19:02:53.780029Z", "level": "INFO", "component": "config", "message": "Configuration summary", "environment": "development"}
{"timestamp": "2026-03-12T19:02:53.926655Z", "level": "INFO", "component": "config", "message": "Initializing application settings", "environment": "development"}
{"timestamp": "2026-03-12T19:02:53.941610Z", "level": "INFO", "component": "config", "message": "Environment validated", "environment": "development"}
{"timestamp": "2026-03-12T19:02:53.943677Z", "level": "INFO", "component": "config", "message": "Database URL validated", "environment": "development"}
{"timestamp": "2026-03-12T19:02:53.945889Z", "level": "INFO", "component": "config", "message": "Embedding dimension validated", "environment": "development"}
{"timestamp": "2026-03-12T19:02:53.947993Z", "level": "INFO", "component": "config", "message": "TTS configuration validated", "environment": "development"}
{"timestamp": "2026-03-12T19:02:53.953662Z", "level": "INFO", "component": "config", "message": "Settings loaded successfully", "environment": "development"}
{"timestamp": "2026-03-12T19:02:54.011150Z", "level": "INFO", "component": "config", "message": "Starting critical settings validation", "environment": "development"}
{"timestamp": "2026-03-12T19:02:54.013670Z", "level": "INFO", "component": "config", "message": "Critical settings validation passed", "environment": "development"}
{"timestamp": "2026-03-12T19:02:54.015692Z", "level": "INFO", "component": "config", "message": "Generating configuration summary", "environment": "development"}
{"timestamp": "2026-03-12T19:02:54.017693Z", "level": "INFO", "component": "config", "message": "Configuration summary", "environment": "development"}
{"timestamp": "2026-03-12T19:02:59.020423Z", "level": "INFO", "component": "config", "message": "Initializing application settings", "environment": "development"}
{"timestamp": "2026-03-12T19:02:59.032102Z", "level": "INFO", "component": "config", "message": "Environment validated", "environment": "development"}
{"timestamp": "2026-03-12T19:02:59.033678Z", "level": "INFO", "component": "config", "message": "Database URL validated", "environment": "development"}
{"timestamp": "2026-03-12T19:02:59.034755Z", "level": "INFO", "component": "config", "message": "Embedding dimension validated", "environment": "development"}
{"timestamp": "2026-03-12T19:02:59.036755Z", "level": "INFO", "component": "config", "message": "TTS configuration validated", "environment": "development"}
{"timestamp": "2026-03-12T19:02:59.038752Z", "level": "INFO", "component": "config", "message": "Settings loaded successfully", "environment": "development"}
{"timestamp": "2026-03-12T19:03:00.403653Z", "level": "INFO", "component": "config", "message": "Initializing application settings", "environment": "development"}
{"timestamp": "2026-03-12T19:03:00.412357Z", "level": "INFO", "component": "config", "message": "Environment validated", "environment": "development"}
{"timestamp": "2026-03-12T19:03:00.414366Z", "level": "INFO", "component": "config", "message": "Database URL validated", "environment": "development"}
{"timestamp": "2026-03-12T19:03:00.416364Z", "level": "INFO", "component": "config", "message": "Embedding dimension validated", "environment": "development"}
{"timestamp": "2026-03-12T19:03:00.418363Z", "level": "INFO", "component": "config", "message": "TTS configuration validated", "environment": "development"}
{"timestamp": "2026-03-12T19:03:00.419356Z", "level": "INFO", "component": "config", "message": "Settings loaded successfully", "environment": "development"}
{"timestamp": "2026-03-12T19:03:10.025414Z", "level": "INFO", "component": "config", "message": "Initializing application settings", "environment": "development"}
{"timestamp": "2026-03-12T19:03:10.065494Z", "level": "INFO", "component": "config", "message": "Environment validated", "environment": "development"}
{"timestamp": "2026-03-12T19:03:10.170530Z", "level": "INFO", "component": "config", "message": "Database URL validated", "environment": "development"}
{"timestamp": "2026-03-12T19:03:10.227485Z", "level": "INFO", "component": "config", "message": "Embedding dimension validated", "environment": "development"}
{"timestamp": "2026-03-12T19:03:10.302371Z", "level": "INFO", "component": "config", "message": "TTS configuration validated", "environment": "development"}
{"timestamp": "2026-03-12T19:03:10.386548Z", "level": "INFO", "component": "config", "message": "Settings loaded successfully", "environment": "development"}
{"timestamp": "2026-03-12T19:03:12.728835Z", "level": "INFO", "component": "config", "message": "Initializing application settings", "environment": "development"}
{"timestamp": "2026-03-12T19:03:12.746831Z", "level": "INFO", "component": "config", "message": "Environment validated", "environment": "development"}
{"timestamp": "2026-03-12T19:03:12.761939Z", "level": "INFO", "component": "config", "message": "Database URL validated", "environment": "development"}
{"timestamp": "2026-03-12T19:03:12.767304Z", "level": "INFO", "component": "config", "message": "Embedding dimension validated", "environment": "development"}
{"timestamp": "2026-03-12T19:03:12.770407Z", "level": "INFO", "component": "config", "message": "TTS configuration validated", "environment": "development"}
{"timestamp": "2026-03-12T19:03:12.772407Z", "level": "INFO", "component": "config", "message": "Settings loaded successfully", "environment": "development"}
{"timestamp": "2026-03-12T19:06:04.523597Z", "level": "INFO", "component": "config", "message": "Initializing application settings", "environment": "development"}
{"timestamp": "2026-03-12T19:06:04.606966Z", "level": "INFO", "component": "config", "message": "Environment validated", "environment": "development"}
{"timestamp": "2026-03-12T19:06:04.703764Z", "level": "INFO", "component": "config", "message": "Database URL validated", "environment": "development"}
{"timestamp": "2026-03-12T19:06:04.709788Z", "level": "INFO", "component": "config", "message": "Embedding dimension validated", "environment": "development"}
{"timestamp": "2026-03-12T19:06:04.736086Z", "level": "INFO", "component": "config", "message": "TTS configuration validated", "environment": "development"}
{"timestamp": "2026-03-12T19:06:04.783184Z", "level": "INFO", "component": "config", "message": "Settings loaded successfully", "environment": "development"}
{"timestamp": "2026-03-12T19:06:07.772676Z", "level": "INFO", "component": "config", "message": "Initializing application settings", "environment": "development"}
{"timestamp": "2026-03-12T19:06:07.825030Z", "level": "INFO", "component": "config", "message": "Environment validated", "environment": "development"}
{"timestamp": "2026-03-12T19:06:07.856940Z", "level": "INFO", "component": "config", "message": "Database URL validated", "environment": "development"}
{"timestamp": "2026-03-12T19:06:07.876403Z", "level": "INFO", "component": "config", "message": "Embedding dimension validated", "environment": "development"}
{"timestamp": "2026-03-12T19:06:07.894230Z", "level": "INFO", "component": "config", "message": "TTS configuration validated", "environment": "development"}
{"timestamp": "2026-03-12T19:06:07.912888Z", "level": "INFO", "component": "config", "message": "Settings loaded successfully", "environment": "development"}
{"timestamp": "2026-03-12T19:06:11.483635Z", "level": "INFO", "component": "config", "message": "Initializing application settings", "environment": "development"}
{"timestamp": "2026-03-12T19:06:11.504779Z", "level": "INFO", "component": "config", "message": "Environment validated", "environment": "development"}
{"timestamp": "2026-03-12T19:06:11.507780Z", "level": "INFO", "component": "config", "message": "Database URL validated", "environment": "development"}
{"timestamp": "2026-03-12T19:06:11.508783Z", "level": "INFO", "component": "config", "message": "Embedding dimension validated", "environment": "development"}
{"timestamp": "2026-03-12T19:06:11.511224Z", "level": "INFO", "component": "config", "message": "TTS configuration validated", "environment": "development"}
{"timestamp": "2026-03-12T19:06:11.513240Z", "level": "INFO", "component": "config", "message": "Settings loaded successfully", "environment": "development"}
{"timestamp": "2026-03-12T19:06:11.587617Z", "level": "INFO", "component": "config", "message": "Starting critical settings validation", "environment": "development"}
{"timestamp": "2026-03-12T19:06:11.588613Z", "level": "INFO", "component": "config", "message": "Critical settings validation passed", "environment": "development"}
{"timestamp": "2026-03-12T19:06:11.591921Z", "level": "INFO", "component": "config", "message": "Generating configuration summary", "environment": "development"}
{"timestamp": "2026-03-12T19:06:11.592915Z", "level": "INFO", "component": "config", "message": "Configuration summary", "environment": "development"}
{"timestamp": "2026-03-12T19:06:11.777605Z", "level": "INFO", "component": "config", "message": "Initializing application settings", "environment": "development"}
{"timestamp": "2026-03-12T19:06:11.791719Z", "level": "INFO", "component": "config", "message": "Environment validated", "environment": "development"}
{"timestamp": "2026-03-12T19:06:11.792704Z", "level": "INFO", "component": "config", "message": "Database URL validated", "environment": "development"}
{"timestamp": "2026-03-12T19:06:11.795705Z", "level": "INFO", "component": "config", "message": "Embedding dimension validated", "environment": "development"}
{"timestamp": "2026-03-12T19:06:11.798705Z", "level": "INFO", "component": "config", "message": "TTS configuration validated", "environment": "development"}
{"timestamp": "2026-03-12T19:06:11.805257Z", "level": "INFO", "component": "config", "message": "Settings loaded successfully", "environment": "development"}
{"timestamp": "2026-03-12T19:06:11.879079Z", "level": "INFO", "component": "config", "message": "Starting critical settings validation", "environment": "development"}
{"timestamp": "2026-03-12T19:06:11.881097Z", "level": "INFO", "component": "config", "message": "Critical settings validation passed", "environment": "development"}
{"timestamp": "2026-03-12T19:06:11.883635Z", "level": "INFO", "component": "config", "message": "Generating configuration summary", "environment": "development"}
{"timestamp": "2026-03-12T19:06:11.886632Z", "level": "INFO", "component": "config", "message": "Configuration summary", "environment": "development"}
{"timestamp": "2026-03-12T19:06:11.983426Z", "level": "INFO", "component": "config", "message": "Starting critical settings validation", "environment": "development"}
{"timestamp": "2026-03-12T19:06:11.986443Z", "level": "INFO", "component": "config", "message": "Critical settings validation passed", "environment": "development"}
{"timestamp": "2026-03-12T19:06:11.988962Z", "level": "INFO", "component": "config", "message": "Generating configuration summary", "environment": "development"}
{"timestamp": "2026-03-12T19:06:11.990978Z", "level": "INFO", "component": "config", "message": "Configuration summary", "environment": "development"}
{"timestamp": "2026-03-12T19:06:18.897441Z", "level": "INFO", "component": "config", "message": "Initializing application settings", "environment": "development"}
{"timestamp": "2026-03-12T19:06:18.915197Z", "level": "INFO", "component": "config", "message": "Environment validated", "environment": "development"}
{"timestamp": "2026-03-12T19:06:18.918570Z", "level": "INFO", "component": "config", "message": "Database URL validated", "environment": "development"}
{"timestamp": "2026-03-12T19:06:18.921163Z", "level": "INFO", "component": "config", "message": "Embedding dimension validated", "environment": "development"}
{"timestamp": "2026-03-12T19:06:18.924184Z", "level": "INFO", "component": "config", "message": "TTS configuration validated", "environment": "development"}
{"timestamp": "2026-03-12T19:06:18.925244Z", "level": "INFO", "component": "config", "message": "Settings loaded successfully", "environment": "development"}
{"timestamp": "2026-03-12T19:06:20.037458Z", "level": "INFO", "component": "config", "message": "Initializing application settings", "environment": "development"}
{"timestamp": "2026-03-12T19:06:20.109512Z", "level": "INFO", "component": "config", "message": "Environment validated", "environment": "development"}
{"timestamp": "2026-03-12T19:06:20.143936Z", "level": "INFO", "component": "config", "message": "Database URL validated", "environment": "development"}
{"timestamp": "2026-03-12T19:06:20.172791Z", "level": "INFO", "component": "config", "message": "Embedding dimension validated", "environment": "development"}
{"timestamp": "2026-03-12T19:06:20.179307Z", "level": "INFO", "component": "config", "message": "TTS configuration validated", "environment": "development"}
{"timestamp": "2026-03-12T19:06:20.187145Z", "level": "INFO", "component": "config", "message": "Settings loaded successfully", "environment": "development"}
{"timestamp": "2026-03-12T19:06:22.130780Z", "level": "INFO", "component": "config", "message": "Initializing application settings", "environment": "development"}
{"timestamp": "2026-03-12T19:06:22.158614Z", "level": "INFO", "component": "config", "message": "Environment validated", "environment": "development"}
{"timestamp": "2026-03-12T19:06:22.161050Z", "level": "INFO", "component": "config", "message": "Database URL validated", "environment": "development"}
{"timestamp": "2026-03-12T19:06:22.163050Z", "level": "INFO", "component": "config", "message": "Embedding dimension validated", "environment": "development"}
{"timestamp": "2026-03-12T19:06:22.165119Z", "level": "INFO", "component": "config", "message": "TTS configuration validated", "environment": "development"}
{"timestamp": "2026-03-12T19:06:22.167138Z", "level": "INFO", "component": "config", "message": "Settings loaded successfully", "environment": "development"}
{"timestamp": "2026-03-12T19:06:22.225968Z", "level": "INFO", "component": "config", "message": "Starting critical settings validation", "environment": "development"}
{"timestamp": "2026-03-12T19:06:22.226963Z", "level": "INFO", "component": "config", "message": "Critical settings validation passed", "environment": "development"}
{"timestamp": "2026-03-12T19:06:22.228986Z", "level": "INFO", "component": "config", "message": "Generating configuration summary", "environment": "development"}
{"timestamp": "2026-03-12T19:06:22.233123Z", "level": "INFO", "component": "config", "message": "Configuration summary", "environment": "development"}
{"timestamp": "2026-03-12T19:06:22.615764Z", "level": "INFO", "component": "config", "message": "Starting critical settings validation", "environment": "development"}
{"timestamp": "2026-03-12T19:06:22.617834Z", "level": "INFO", "component": "config", "message": "Critical settings validation passed", "environment": "development"}
{"timestamp": "2026-03-12T19:06:22.621914Z", "level": "INFO", "component": "config", "message": "Generating configuration summary", "environment": "development"}
{"timestamp": "2026-03-12T19:06:22.623913Z", "level": "INFO", "component": "config", "message": "Configuration summary", "environment": "development"}
{"timestamp": "2026-03-12T19:06:22.801990Z", "level": "INFO", "component": "config", "message": "Initializing application settings", "environment": "development"}
{"timestamp": "2026-03-12T19:06:22.814438Z", "level": "INFO", "component": "config", "message": "Environment validated", "environment": "development"}
{"timestamp": "2026-03-12T19:06:22.816441Z", "level": "INFO", "component": "config", "message": "Database URL validated", "environment": "development"}
{"timestamp": "2026-03-12T19:06:22.819970Z", "level": "INFO", "component": "config", "message": "Embedding dimension validated", "environment": "development"}
{"timestamp": "2026-03-12T19:06:22.822243Z", "level": "INFO", "component": "config", "message": "TTS configuration validated", "environment": "development"}
{"timestamp": "2026-03-12T19:06:22.823239Z", "level": "INFO", "component": "config", "message": "Settings loaded successfully", "environment": "development"}
{"timestamp": "2026-03-12T19:06:22.877322Z", "level": "INFO", "component": "config", "message": "Starting critical settings validation", "environment": "development"}
{"timestamp": "2026-03-12T19:06:22.878835Z", "level": "INFO", "component": "config", "message": "Critical settings validation passed", "environment": "development"}
{"timestamp": "2026-03-12T19:06:22.880921Z", "level": "INFO", "component": "config", "message": "Generating configuration summary", "environment": "development"}
{"timestamp": "2026-03-12T19:06:22.881921Z", "level": "INFO", "component": "config", "message": "Configuration summary", "environment": "development"}
{"timestamp": "2026-03-12T19:07:27.941228Z", "level": "INFO", "component": "config", "message": "Initializing application settings", "environment": "development"}
{"timestamp": "2026-03-12T19:07:27.956768Z", "level": "INFO", "component": "config", "message": "Environment validated", "environment": "development"}
{"timestamp": "2026-03-12T19:07:27.959307Z", "level": "INFO", "component": "config", "message": "Database URL validated", "environment": "development"}
{"timestamp": "2026-03-12T19:07:27.961309Z", "level": "INFO", "component": "config", "message": "Embedding dimension validated", "environment": "development"}
{"timestamp": "2026-03-12T19:07:27.963309Z", "level": "INFO", "component": "config", "message": "TTS configuration validated", "environment": "development"}
{"timestamp": "2026-03-12T19:07:27.965304Z", "level": "INFO", "component": "config", "message": "Settings loaded successfully", "environment": "development"}
{"timestamp": "2026-03-12T19:07:28.395139Z", "level": "INFO", "component": "config", "message": "Initializing application settings", "environment": "development"}
{"timestamp": "2026-03-12T19:07:28.413734Z", "level": "INFO", "component": "config", "message": "Environment validated", "environment": "development"}
{"timestamp": "2026-03-12T19:07:28.416262Z", "level": "INFO", "component": "config", "message": "Database URL validated", "environment": "development"}
{"timestamp": "2026-03-12T19:07:28.418773Z", "level": "INFO", "component": "config", "message": "Embedding dimension validated", "environment": "development"}
{"timestamp": "2026-03-12T19:07:28.424810Z", "level": "INFO", "component": "config", "message": "TTS configuration validated", "environment": "development"}
{"timestamp": "2026-03-12T19:07:28.429349Z", "level": "INFO", "component": "config", "message": "Settings loaded successfully", "environment": "development"}
{"timestamp": "2026-03-12T19:07:31.092184Z", "level": "INFO", "component": "config", "message": "Initializing application settings", "environment": "development"}
{"timestamp": "2026-03-12T19:07:31.107574Z", "level": "INFO", "component": "config", "message": "Environment validated", "environment": "development"}
{"timestamp": "2026-03-12T19:07:31.110108Z", "level": "INFO", "component": "config", "message": "Database URL validated", "environment": "development"}
{"timestamp": "2026-03-12T19:07:31.112105Z", "level": "INFO", "component": "config", "message": "Embedding dimension validated", "environment": "development"}
{"timestamp": "2026-03-12T19:07:31.114106Z", "level": "INFO", "component": "config", "message": "TTS configuration validated", "environment": "development"}
{"timestamp": "2026-03-12T19:07:31.116111Z", "level": "INFO", "component": "config", "message": "Settings loaded successfully", "environment": "development"}
{"timestamp": "2026-03-12T19:07:31.176935Z", "level": "INFO", "component": "config", "message": "Starting critical settings validation", "environment": "development"}
{"timestamp": "2026-03-12T19:07:31.178455Z", "level": "INFO", "component": "config", "message": "Critical settings validation passed", "environment": "development"}
{"timestamp": "2026-03-12T19:07:31.180471Z", "level": "INFO", "component": "config", "message": "Generating configuration summary", "environment": "development"}
{"timestamp": "2026-03-12T19:07:31.183474Z", "level": "INFO", "component": "config", "message": "Configuration summary", "environment": "development"}
{"timestamp": "2026-03-12T19:07:31.332689Z", "level": "INFO", "component": "config", "message": "Initializing application settings", "environment": "development"}
{"timestamp": "2026-03-12T19:07:31.351851Z", "level": "INFO", "component": "config", "message": "Environment validated", "environment": "development"}
{"timestamp": "2026-03-12T19:07:31.356850Z", "level": "INFO", "component": "config", "message": "Database URL validated", "environment": "development"}
{"timestamp": "2026-03-12T19:07:31.360393Z", "level": "INFO", "component": "config", "message": "Embedding dimension validated", "environment": "development"}
{"timestamp": "2026-03-12T19:07:31.362410Z", "level": "INFO", "component": "config", "message": "TTS configuration validated", "environment": "development"}
{"timestamp": "2026-03-12T19:07:31.364543Z", "level": "INFO", "component": "config", "message": "Settings loaded successfully", "environment": "development"}
{"timestamp": "2026-03-12T19:07:31.423356Z", "level": "INFO", "component": "config", "message": "Starting critical settings validation", "environment": "development"}
{"timestamp": "2026-03-12T19:07:31.425356Z", "level": "INFO", "component": "config", "message": "Critical settings validation passed", "environment": "development"}
{"timestamp": "2026-03-12T19:07:31.437497Z", "level": "INFO", "component": "config", "message": "Generating configuration summary", "environment": "development"}
{"timestamp": "2026-03-12T19:07:31.440034Z", "level": "INFO", "component": "config", "message": "Configuration summary", "environment": "development"}
{"timestamp": "2026-03-12T19:07:31.598392Z", "level": "INFO", "component": "config", "message": "Starting critical settings validation", "environment": "development"}
{"timestamp": "2026-03-12T19:07:31.604953Z", "level": "INFO", "component": "config", "message": "Critical settings validation passed", "environment": "development"}
{"timestamp": "2026-03-12T19:07:31.609489Z", "level": "INFO", "component": "config", "message": "Generating configuration summary", "environment": "development"}
{"timestamp": "2026-03-12T19:07:31.611501Z", "level": "INFO", "component": "config", "message": "Configuration summary", "environment": "development"}
{"timestamp": "2026-03-16T07:52:17.997931Z", "level": "INFO", "component": "config", "message": "Initializing application settings", "environment": "development"}
{"timestamp": "2026-03-16T07:52:18.036909Z", "level": "INFO", "component": "config", "message": "Environment validated", "environment": "development"}
{"timestamp": "2026-03-16T07:52:18.037913Z", "level": "INFO", "component": "config", "message": "Database URL validated", "environment": "development"}
{"timestamp": "2026-03-16T07:52:18.039910Z", "level": "INFO", "component": "config", "message": "Embedding dimension validated", "environment": "development"}
{"timestamp": "2026-03-16T07:52:18.041922Z", "level": "INFO", "component": "config", "message": "TTS configuration validated", "environment": "development"}
{"timestamp": "2026-03-16T07:52:18.042923Z", "level": "INFO", "component": "config", "message": "Settings loaded successfully", "environment": "development"}
{"timestamp": "2026-03-16T07:52:20.812131Z", "level": "INFO", "component": "config", "message": "Initializing application settings", "environment": "development"}
{"timestamp": "2026-03-16T07:52:20.824134Z", "level": "INFO", "component": "config", "message": "Environment validated", "environment": "development"}
{"timestamp": "2026-03-16T07:52:20.826501Z", "level": "INFO", "component": "config", "message": "Database URL validated", "environment": "development"}
{"timestamp": "2026-03-16T07:52:20.828501Z", "level": "INFO", "component": "config", "message": "Embedding dimension validated", "environment": "development"}
{"timestamp": "2026-03-16T07:52:20.830498Z", "level": "INFO", "component": "config", "message": "TTS configuration validated", "environment": "development"}
{"timestamp": "2026-03-16T07:52:20.832500Z", "level": "INFO", "component": "config", "message": "Settings loaded successfully", "environment": "development"}
{"timestamp": "2026-03-16T07:52:37.293933Z", "level": "INFO", "component": "config", "message": "Initializing application settings", "environment": "development"}
{"timestamp": "2026-03-16T07:52:37.310952Z", "level": "INFO", "component": "config", "message": "Environment validated", "environment": "development"}
{"timestamp": "2026-03-16T07:52:37.331024Z", "level": "INFO", "component": "config", "message": "Database URL validated", "environment": "development"}
{"timestamp": "2026-03-16T07:52:37.334386Z", "level": "INFO", "component": "config", "message": "Embedding dimension validated", "environment": "development"}
{"timestamp": "2026-03-16T07:52:37.336383Z", "level": "INFO", "component": "config", "message": "TTS configuration validated", "environment": "development"}
{"timestamp": "2026-03-16T07:52:37.343380Z", "level": "INFO", "component": "config", "message": "Settings loaded successfully", "environment": "development"}
{"timestamp": "2026-03-16T07:52:37.532282Z", "level": "INFO", "component": "config", "message": "Initializing application settings", "environment": "development"}
{"timestamp": "2026-03-16T07:52:37.552835Z", "level": "INFO", "component": "config", "message": "Environment validated", "environment": "development"}
{"timestamp": "2026-03-16T07:52:37.554837Z", "level": "INFO", "component": "config", "message": "Database URL validated", "environment": "development"}
{"timestamp": "2026-03-16T07:52:37.557844Z", "level": "INFO", "component": "config", "message": "Embedding dimension validated", "environment": "development"}
{"timestamp": "2026-03-16T07:52:37.559837Z", "level": "INFO", "component": "config", "message": "TTS configuration validated", "environment": "development"}
{"timestamp": "2026-03-16T07:52:37.561834Z", "level": "INFO", "component": "config", "message": "Settings loaded successfully", "environment": "development"}
{"timestamp": "2026-03-16T07:52:41.636197Z", "level": "INFO", "component": "config", "message": "Initializing application settings", "environment": "development"}
{"timestamp": "2026-03-16T07:52:41.653196Z", "level": "INFO", "component": "config", "message": "Environment validated", "environment": "development"}
{"timestamp": "2026-03-16T07:52:41.658189Z", "level": "INFO", "component": "config", "message": "Database URL validated", "environment": "development"}
{"timestamp": "2026-03-16T07:52:41.660194Z", "level": "INFO", "component": "config", "message": "Embedding dimension validated", "environment": "development"}
{"timestamp": "2026-03-16T07:52:41.662196Z", "level": "INFO", "component": "config", "message": "TTS configuration validated", "environment": "development"}
{"timestamp": "2026-03-16T07:52:41.664221Z", "level": "INFO", "component": "config", "message": "Settings loaded successfully", "environment": "development"}
{"timestamp": "2026-03-16T07:52:45.779581Z", "level": "INFO", "component": "config", "message": "Initializing application settings", "environment": "development"}
{"timestamp": "2026-03-16T07:52:45.791600Z", "level": "INFO", "component": "config", "message": "Environment validated", "environment": "development"}
{"timestamp": "2026-03-16T07:52:45.793600Z", "level": "INFO", "component": "config", "message": "Database URL validated", "environment": "development"}
{"timestamp": "2026-03-16T07:52:45.796125Z", "level": "INFO", "component": "config", "message": "Embedding dimension validated", "environment": "development"}
{"timestamp": "2026-03-16T07:52:45.798165Z", "level": "INFO", "component": "config", "message": "TTS configuration validated", "environment": "development"}
{"timestamp": "2026-03-16T07:52:45.800170Z", "level": "INFO", "component": "config", "message": "Settings loaded successfully", "environment": "development"}
{"timestamp": "2026-03-16T07:52:45.848523Z", "level": "INFO", "component": "config", "message": "Starting critical settings validation", "environment": "development"}
{"timestamp": "2026-03-16T07:52:45.850544Z", "level": "INFO", "component": "config", "message": "Critical settings validation passed", "environment": "development"}
{"timestamp": "2026-03-16T07:52:45.851543Z", "level": "INFO", "component": "config", "message": "Generating configuration summary", "environment": "development"}
{"timestamp": "2026-03-16T07:52:45.852541Z", "level": "INFO", "component": "config", "message": "Configuration summary", "environment": "development"}
{"timestamp": "2026-03-16T14:53:40.759408Z", "level": "INFO", "component": "config", "message": "Initializing application settings", "environment": "development"}
{"timestamp": "2026-03-16T14:53:40.796758Z", "level": "INFO", "component": "config", "message": "Environment validated", "environment": "development"}
{"timestamp": "2026-03-16T14:53:40.802998Z", "level": "INFO", "component": "config", "message": "Database URL validated", "environment": "development"}
{"timestamp": "2026-03-16T14:53:40.809019Z", "level": "INFO", "component": "config", "message": "Embedding dimension validated", "environment": "development"}
{"timestamp": "2026-03-16T14:53:40.814980Z", "level": "INFO", "component": "config", "message": "TTS configuration validated", "environment": "development"}
{"timestamp": "2026-03-16T14:53:40.819580Z", "level": "INFO", "component": "config", "message": "Settings loaded successfully", "environment": "development"}
{"timestamp": "2026-03-16T14:53:46.049719Z", "level": "INFO", "component": "config", "message": "Initializing application settings", "environment": "development"}
{"timestamp": "2026-03-16T14:53:46.073286Z", "level": "INFO", "component": "config", "message": "Environment validated", "environment": "development"}
{"timestamp": "2026-03-16T14:53:46.075288Z", "level": "INFO", "component": "config", "message": "Database URL validated", "environment": "development"}
{"timestamp": "2026-03-16T14:53:46.078691Z", "level": "INFO", "component": "config", "message": "Embedding dimension validated", "environment": "development"}
{"timestamp": "2026-03-16T14:53:46.082717Z", "level": "INFO", "component": "config", "message": "TTS configuration validated", "environment": "development"}
{"timestamp": "2026-03-16T14:53:46.085712Z", "level": "INFO", "component": "config", "message": "Settings loaded successfully", "environment": "development"}
{"timestamp": "2026-03-16T14:53:46.140431Z", "level": "INFO", "component": "config", "message": "Starting critical settings validation", "environment": "development"}
{"timestamp": "2026-03-16T14:53:46.142434Z", "level": "INFO", "component": "config", "message": "Critical settings validation passed", "environment": "development"}
{"timestamp": "2026-03-16T14:53:46.143432Z", "level": "INFO", "component": "config", "message": "Generating configuration summary", "environment": "development"}
{"timestamp": "2026-03-16T14:53:46.144432Z", "level": "INFO", "component": "config", "message": "Configuration summary", "environment": "development"}
{"timestamp": "2026-03-16T14:56:23.457823Z", "level": "INFO", "component": "config", "message": "Initializing application settings", "environment": "development"}
{"timestamp": "2026-03-16T14:56:23.471278Z", "level": "INFO", "component": "config", "message": "Environment validated", "environment": "development"}
{"timestamp": "2026-03-16T14:56:23.474282Z", "level": "INFO", "component": "config", "message": "Database URL validated", "environment": "development"}
{"timestamp": "2026-03-16T14:56:23.477277Z", "level": "INFO", "component": "config", "message": "Embedding dimension validated", "environment": "development"}
{"timestamp": "2026-03-16T14:56:23.498818Z", "level": "INFO", "component": "config", "message": "TTS configuration validated", "environment": "development"}
{"timestamp": "2026-03-16T14:56:23.500814Z", "level": "INFO", "component": "config", "message": "Settings loaded successfully", "environment": "development"}
{"timestamp": "2026-03-16T14:56:24.697860Z", "level": "INFO", "component": "config", "message": "Initializing application settings", "environment": "development"}
{"timestamp": "2026-03-16T14:56:24.710930Z", "level": "INFO", "component": "config", "message": "Environment validated", "environment": "development"}
{"timestamp": "2026-03-16T14:56:24.712934Z", "level": "INFO", "component": "config", "message": "Database URL validated", "environment": "development"}
{"timestamp": "2026-03-16T14:56:24.716936Z", "level": "INFO", "component": "config", "message": "Embedding dimension validated", "environment": "development"}
{"timestamp": "2026-03-16T14:56:24.718929Z", "level": "INFO", "component": "config", "message": "TTS configuration validated", "environment": "development"}
{"timestamp": "2026-03-16T14:56:24.731922Z", "level": "INFO", "component": "config", "message": "Settings loaded successfully", "environment": "development"}
{"timestamp": "2026-03-16T14:56:34.719419Z", "level": "INFO", "component": "config", "message": "Initializing application settings", "environment": "development"}
{"timestamp": "2026-03-16T14:56:34.736151Z", "level": "INFO", "component": "config", "message": "Environment validated", "environment": "development"}
{"timestamp": "2026-03-16T14:56:34.739148Z", "level": "INFO", "component": "config", "message": "Database URL validated", "environment": "development"}
{"timestamp": "2026-03-16T14:56:34.741145Z", "level": "INFO", "component": "config", "message": "Embedding dimension validated", "environment": "development"}
{"timestamp": "2026-03-16T14:56:34.742146Z", "level": "INFO", "component": "config", "message": "TTS configuration validated", "environment": "development"}
{"timestamp": "2026-03-16T14:56:34.745299Z", "level": "INFO", "component": "config", "message": "Settings loaded successfully", "environment": "development"}
{"timestamp": "2026-03-16T14:56:36.148999Z", "level": "INFO", "component": "config", "message": "Initializing application settings", "environment": "development"}
{"timestamp": "2026-03-16T14:56:36.163601Z", "level": "INFO", "component": "config", "message": "Environment validated", "environment": "development"}
{"timestamp": "2026-03-16T14:56:36.166249Z", "level": "INFO", "component": "config", "message": "Database URL validated", "environment": "development"}
{"timestamp": "2026-03-16T14:56:36.168262Z", "level": "INFO", "component": "config", "message": "Embedding dimension validated", "environment": "development"}
{"timestamp": "2026-03-16T14:56:36.170054Z", "level": "INFO", "component": "config", "message": "TTS configuration validated", "environment": "development"}
{"timestamp": "2026-03-16T14:56:36.175069Z", "level": "INFO", "component": "config", "message": "Settings loaded successfully", "environment": "development"}
